"block","task_id","design_task","alt_id","positioning","ingredient","format","price"
1,1,3,1,"Mass-Prestige","Peptide Complex","Standard Bottle",85
1,1,3,2,"Dermatologist-Recommended","Retinol","Airless Pump",45
1,1,3,3,"Luxury Heritage","Vitamin C","Standard Bottle",110
1,2,11,1,"Luxury Heritage","Vitamin C","Airless Pump",65
1,2,11,2,"Mass-Prestige","Peptide Complex","Standard Bottle",85
1,2,11,3,"Dermatologist-Recommended","Retinol","Standard Bottle",110
1,3,21,1,"Dermatologist-Recommended","Peptide Complex","Standard Bottle",45
1,3,21,2,"Luxury Heritage","Retinol","Airless Pump",110
1,3,21,3,"Mass-Prestige","Vitamin C","Airless Pump",85
1,4,24,1,"Mass-Prestige","Peptide Complex","Standard Bottle",45
1,4,24,2,"Dermatologist-Recommended","Retinol","Airless Pump",110
1,4,24,3,"Luxury Heritage","Vitamin C","Airless Pump",65
1,5,28,1,"Luxury Heritage","Vitamin C","Airless Pump",65
1,5,28,2,"Dermatologist-Recommended","Retinol","Airless Pump",110
1,5,28,3,"Mass-Prestige","Peptide Complex","Standard Bottle",45
1,6,30,1,"Mass-Prestige","Peptide Complex","Airless Pump",85
1,6,30,2,"Dermatologist-Recommended","Vitamin C","Standard Bottle",45
1,6,30,3,"Luxury Heritage","Retinol","Airless Pump",110
1,7,37,1,"Luxury Heritage","Retinol","Standard Bottle",65
1,7,37,2,"Dermatologist-Recommended","Peptide Complex","Airless Pump",45
1,7,37,3,"Mass-Prestige","Vitamin C","Standard Bottle",85
1,8,40,1,"Dermatologist-Recommended","Vitamin C","Airless Pump",110
1,8,40,2,"Luxury Heritage","Peptide Complex","Standard Bottle",65
1,8,40,3,"Mass-Prestige","Retinol","Airless Pump",45
1,9,44,1,"Luxury Heritage","Peptide Complex","Airless Pump",65
1,9,44,2,"Mass-Prestige","Retinol","Standard Bottle",45
1,9,44,3,"Dermatologist-Recommended","Vitamin C","Standard Bottle",110
1,10,45,1,"Dermatologist-Recommended","Retinol","Airless Pump",45
1,10,45,2,"Mass-Prestige","Vitamin C","Standard Bottle",85
1,10,45,3,"Luxury Heritage","Peptide Complex","Standard Bottle",110
2,1,2,1,"Dermatologist-Recommended","Retinol","Standard Bottle",45
2,1,2,2,"Luxury Heritage","Peptide Complex","Airless Pump",110
2,1,2,3,"Mass-Prestige","Vitamin C","Airless Pump",85
2,2,7,1,"Mass-Prestige","Vitamin C","Airless Pump",45
2,2,7,2,"Dermatologist-Recommended","Retinol","Standard Bottle",110
2,2,7,3,"Dermatologist-Recommended","Peptide Complex","Standard Bottle",110
2,3,12,1,"Dermatologist-Recommended","Peptide Complex","Standard Bottle",45
2,3,12,2,"Mass-Prestige","Vitamin C","Airless Pump",85
2,3,12,3,"Luxury Heritage","Retinol","Airless Pump",65
2,4,27,1,"Luxury Heritage","Vitamin C","Standard Bottle",65
2,4,27,2,"Dermatologist-Recommended","Peptide Complex","Airless Pump",110
2,4,27,3,"Mass-Prestige","Retinol","Airless Pump",45
2,5,39,1,"Luxury Heritage","Retinol","Standard Bottle",65
2,5,39,2,"Mass-Prestige","Peptide Complex","Standard Bottle",85
2,5,39,3,"Dermatologist-Recommended","Vitamin C","Airless Pump",45
2,6,43,1,"Luxury Heritage","Peptide Complex","Standard Bottle",110
2,6,43,2,"Dermatologist-Recommended","Vitamin C","Airless Pump",45
2,6,43,3,"Mass-Prestige","Retinol","Standard Bottle",45
2,7,48,1,"Dermatologist-Recommended","Peptide Complex","Standard Bottle",45
2,7,48,2,"Mass-Prestige","Vitamin C","Airless Pump",85
2,7,48,3,"Luxury Heritage","Retinol","Airless Pump",110
2,8,51,1,"Luxury Heritage","Retinol","Standard Bottle",85
2,8,51,2,"Dermatologist-Recommended","Vitamin C","Standard Bottle",110
2,8,51,3,"Mass-Prestige","Peptide Complex","Airless Pump",45
2,9,54,1,"Dermatologist-Recommended","Peptide Complex","Airless Pump",45
2,9,54,2,"Luxury Heritage","Retinol","Standard Bottle",85
2,9,54,3,"Mass-Prestige","Vitamin C","Standard Bottle",85
2,10,58,1,"Mass-Prestige","Peptide Complex","Airless Pump",45
2,10,58,2,"Dermatologist-Recommended","Retinol","Airless Pump",110
2,10,58,3,"Luxury Heritage","Vitamin C","Standard Bottle",65
3,1,4,1,"Dermatologist-Recommended","Vitamin C","Airless Pump",110
3,1,4,2,"Luxury Heritage","Retinol","Airless Pump",65
3,1,4,3,"Mass-Prestige","Peptide Complex","Standard Bottle",45
3,2,6,1,"Luxury Heritage","Peptide Complex","Airless Pump",65
3,2,6,2,"Mass-Prestige","Vitamin C","Standard Bottle",45
3,2,6,3,"Dermatologist-Recommended","Retinol","Airless Pump",110
3,3,17,1,"Mass-Prestige","Vitamin C","Airless Pump",85
3,3,17,2,"Luxury Heritage","Peptide Complex","Airless Pump",110
3,3,17,3,"Dermatologist-Recommended","Retinol","Standard Bottle",45
3,4,26,1,"Luxury Heritage","Peptide Complex","Standard Bottle",65
3,4,26,2,"Mass-Prestige","Retinol","Airless Pump",45
3,4,26,3,"Dermatologist-Recommended","Vitamin C","Airless Pump",110
3,5,31,1,"Mass-Prestige","Vitamin C","Airless Pump",85
3,5,31,2,"Dermatologist-Recommended","Retinol","Standard Bottle",45
3,5,31,3,"Luxury Heritage","Peptide Complex","Airless Pump",110
3,6,49,1,"Mass-Prestige","Retinol","Airless Pump",45
3,6,49,2,"Luxury Heritage","Vitamin C","Standard Bottle",65
3,6,49,3,"Dermatologist-Recommended","Peptide Complex","Airless Pump",110
3,7,50,1,"Mass-Prestige","Peptide Complex","Airless Pump",45
3,7,50,2,"Luxury Heritage","Vitamin C","Airless Pump",110
3,7,50,3,"Dermatologist-Recommended","Retinol","Standard Bottle",45
3,8,53,1,"Luxury Heritage","Retinol","Standard Bottle",65
3,8,53,2,"Mass-Prestige","Vitamin C","Standard Bottle",85
3,8,53,3,"Dermatologist-Recommended","Peptide Complex","Airless Pump",45
3,9,59,1,"Mass-Prestige","Retinol","Airless Pump",85
3,9,59,2,"Luxury Heritage","Vitamin C","Standard Bottle",65
3,9,59,3,"Dermatologist-Recommended","Peptide Complex","Airless Pump",110
3,10,60,1,"Dermatologist-Recommended","Vitamin C","Airless Pump",45
3,10,60,2,"Mass-Prestige","Peptide Complex","Standard Bottle",85
3,10,60,3,"Luxury Heritage","Retinol","Standard Bottle",65
4,1,1,1,"Luxury Heritage","Vitamin C","Airless Pump",65
4,1,1,2,"Mass-Prestige","Peptide Complex","Standard Bottle",45
4,1,1,3,"Dermatologist-Recommended","Retinol","Airless Pump",110
4,2,8,1,"Dermatologist-Recommended","Peptide Complex","Standard Bottle",110
4,2,8,2,"Dermatologist-Recommended","Vitamin C","Standard Bottle",110
4,2,8,3,"Mass-Prestige","Retinol","Airless Pump",45
4,3,14,1,"Mass-Prestige","Vitamin C","Standard Bottle",45
4,3,14,2,"Luxury Heritage","Peptide Complex","Airless Pump",65
4,3,14,3,"Dermatologist-Recommended","Retinol","Airless Pump",110
4,4,18,1,"Luxury Heritage","Vitamin C","Standard Bottle",65
4,4,18,2,"Mass-Prestige","Retinol","Airless Pump",45
4,4,18,3,"Dermatologist-Recommended","Peptide Complex","Airless Pump",110
4,5,19,1,"Luxury Heritage","Retinol","Airless Pump",110
4,5,19,2,"Dermatologist-Recommended","Vitamin C","Standard Bottle",45
4,5,19,3,"Mass-Prestige","Peptide Complex","Airless Pump",85
4,6,23,1,"Luxury Heritage","Peptide Complex","Standard Bottle",110
4,6,23,2,"Mass-Prestige","Vitamin C","Standard Bottle",85
4,6,23,3,"Dermatologist-Recommended","Retinol","Airless Pump",45
4,7,25,1,"Dermatologist-Recommended","Vitamin C","Airless Pump",45
4,7,25,2,"Mass-Prestige","Peptide Complex","Standard Bottle",85
4,7,25,3,"Luxury Heritage","Retinol","Standard Bottle",65
4,8,32,1,"Dermatologist-Recommended","Retinol","Standard Bottle",45
4,8,32,2,"Luxury Heritage","Vitamin C","Airless Pump",110
4,8,32,3,"Mass-Prestige","Peptide Complex","Airless Pump",45
4,9,55,1,"Luxury Heritage","Peptide Complex","Standard Bottle",65
4,9,55,2,"Dermatologist-Recommended","Retinol","Airless Pump",110
4,9,55,3,"Mass-Prestige","Vitamin C","Airless Pump",45
4,10,56,1,"Dermatologist-Recommended","Vitamin C","Airless Pump",85
4,10,56,2,"Mass-Prestige","Retinol","Standard Bottle",45
4,10,56,3,"Luxury Heritage","Peptide Complex","Standard Bottle",65
5,1,16,1,"Luxury Heritage","Peptide Complex","Airless Pump",65
5,1,16,2,"Mass-Prestige","Vitamin C","Standard Bottle",45
5,1,16,3,"Dermatologist-Recommended","Retinol","Airless Pump",110
5,2,20,1,"Luxury Heritage","Retinol","Airless Pump",65
5,2,20,2,"Mass-Prestige","Vitamin C","Standard Bottle",45
5,2,20,3,"Dermatologist-Recommended","Peptide Complex","Airless Pump",110
5,3,22,1,"Dermatologist-Recommended","Retinol","Standard Bottle",45
5,3,22,2,"Mass-Prestige","Vitamin C","Airless Pump",45
5,3,22,3,"Luxury Heritage","Peptide Complex","Airless Pump",110
5,4,34,1,"Mass-Prestige","Peptide Complex","Airless Pump",45
5,4,34,2,"Luxury Heritage","Retinol","Standard Bottle",65
5,4,34,3,"Dermatologist-Recommended","Vitamin C","Airless Pump",110
5,5,35,1,"Mass-Prestige","Peptide Complex","Standard Bottle",45
5,5,35,2,"Dermatologist-Recommended","Vitamin C","Airless Pump",110
5,5,35,3,"Luxury Heritage","Retinol","Airless Pump",65
5,6,36,1,"Mass-Prestige","Retinol","Airless Pump",45
5,6,36,2,"Dermatologist-Recommended","Peptide Complex","Standard Bottle",110
5,6,36,3,"Dermatologist-Recommended","Vitamin C","Standard Bottle",110
5,7,38,1,"Dermatologist-Recommended","Peptide Complex","Standard Bottle",45
5,7,38,2,"Mass-Prestige","Vitamin C","Airless Pump",85
5,7,38,3,"Luxury Heritage","Retinol","Airless Pump",110
5,8,47,1,"Luxury Heritage","Peptide Complex","Airless Pump",110
5,8,47,2,"Dermatologist-Recommended","Vitamin C","Standard Bottle",45
5,8,47,3,"Mass-Prestige","Retinol","Airless Pump",85
5,9,52,1,"Mass-Prestige","Retinol","Standard Bottle",45
5,9,52,2,"Dermatologist-Recommended","Peptide Complex","Airless Pump",45
5,9,52,3,"Luxury Heritage","Vitamin C","Standard Bottle",85
5,10,57,1,"Dermatologist-Recommended","Retinol","Standard Bottle",110
5,10,57,2,"Mass-Prestige","Peptide Complex","Airless Pump",45
5,10,57,3,"Luxury Heritage","Vitamin C","Standard Bottle",85
6,1,5,1,"Mass-Prestige","Retinol","Airless Pump",85
6,1,5,2,"Luxury Heritage","Vitamin C","Airless Pump",110
6,1,5,3,"Dermatologist-Recommended","Peptide Complex","Standard Bottle",45
6,2,9,1,"Luxury Heritage","Peptide Complex","Airless Pump",110
6,2,9,2,"Dermatologist-Recommended","Retinol","Standard Bottle",45
6,2,9,3,"Mass-Prestige","Vitamin C","Airless Pump",85
6,3,10,1,"Dermatologist-Recommended","Retinol","Standard Bottle",110
6,3,10,2,"Luxury Heritage","Peptide Complex","Airless Pump",65
6,3,10,3,"Mass-Prestige","Vitamin C","Standard Bottle",45
6,4,13,1,"Luxury Heritage","Vitamin C","Airless Pump",65
6,4,13,2,"Mass-Prestige","Retinol","Standard Bottle",45
6,4,13,3,"Dermatologist-Recommended","Peptide Complex","Standard Bottle",110
6,5,15,1,"Luxury Heritage","Retinol","Airless Pump",65
6,5,15,2,"Dermatologist-Recommended","Peptide Complex","Airless Pump",110
6,5,15,3,"Mass-Prestige","Vitamin C","Standard Bottle",45
6,6,29,1,"Luxury Heritage","Vitamin C","Standard Bottle",65
6,6,29,2,"Dermatologist-Recommended","Peptide Complex","Airless Pump",110
6,6,29,3,"Mass-Prestige","Retinol","Airless Pump",45
6,7,33,1,"Luxury Heritage","Retinol","Standard Bottle",65
6,7,33,2,"Mass-Prestige","Vitamin C","Airless Pump",45
6,7,33,3,"Dermatologist-Recommended","Peptide Complex","Standard Bottle",110
6,8,41,1,"Mass-Prestige","Peptide Complex","Standard Bottle",45
6,8,41,2,"Dermatologist-Recommended","Vitamin C","Standard Bottle",85
6,8,41,3,"Luxury Heritage","Retinol","Airless Pump",65
6,9,42,1,"Dermatologist-Recommended","Retinol","Airless Pump",45
6,9,42,2,"Mass-Prestige","Peptide Complex","Standard Bottle",85
6,9,42,3,"Luxury Heritage","Vitamin C","Standard Bottle",110
6,10,46,1,"Mass-Prestige","Retinol","Airless Pump",85
6,10,46,2,"Luxury Heritage","Peptide Complex","Standard Bottle",65
6,10,46,3,"Dermatologist-Recommended","Vitamin C","Airless Pump",110
