"resp_id","segment","pos_derm","pos_luxury","ing_vitc","ing_pept","fmt_pump","price_coef","none_asc"
1,"Luxury Heritage Seekers",0.293895228727318,1.06726827664786,0.675075432385352,0.258953144793888,0.529823201299162,-0.0192868924598966,-1.2011643050666
2,"Luxury Heritage Seekers",0.179957673307251,1.21997615050743,0.693151286837688,0.273671119463681,0.439232642377399,-0.00877594838149463,-1.25441076234419
3,"Clinical/Dermatologist-Focused",1.6885020321981,0.314863289159648,0.0510961233335761,0.968197544637042,0.312734708801773,-0.0132832581330159,-1.03446672084194
4,"Luxury Heritage Seekers",0.425492860269092,1.0382416207995,0.753418838197006,0.429716696777787,0.577383601667138,-0.0208675534760438,-1.1035486949937
5,"Price-Sensitive Pragmatists",0.472479079572215,0.0990466560367917,0.222718383929364,0.112383654447529,0.155321009894536,-0.0427900924521036,-0.641888906001386
6,"Price-Sensitive Pragmatists",0.199564501766027,0.205112322766005,0.283129493341105,0.0745540110797878,-0.139188224300936,-0.0434628106455927,-0.651763196695933
7,"Luxury Heritage Seekers",0.337891755504668,1.10589963017732,0.356124433342946,0.462866228051985,0.660566235707357,-0.00560134347460527,-0.927715733076907
8,"Clinical/Dermatologist-Focused",1.61932321429036,-0.200139385659727,0.250066579615036,1.07569876910382,0.608930886344896,-0.0303264619868039,-1.17262833484407
9,"Price-Sensitive Pragmatists",0.294126790785982,-0.0581083673115787,0.103138441528626,0.172193304848524,-0.0801833076109978,-0.0297227087476264,-0.583833788267168
10,"Luxury Heritage Seekers",0.287383784924163,1.37434294624069,0.505612277917695,0.280186794456613,0.821518113532814,-0.0116277265756908,-1.39254033061383
11,"Price-Sensitive Pragmatists",0.45785018356651,0.0472730689706361,0.12173058599656,0.0397803198969245,0.164254885490004,-0.0463051367582025,-0.522649840702796
12,"Luxury Heritage Seekers",0.264845208404112,1.20122448612673,0.687535490611808,0.25923544273329,0.742192799381279,-0.019011868225817,-1.26991741445633
13,"Luxury Heritage Seekers",0.259597290727023,1.24135518878037,0.702306051798757,0.296585294805238,0.636633877665517,-0.0170677878089794,-1.30938259147644
14,"Clinical/Dermatologist-Focused",1.74971033628323,0.288772249689334,0.387329553321514,0.6929044425712,0.607494104045459,-0.0123734537765034,-1.00400761962074
15,"Price-Sensitive Pragmatists",0.505541166819739,-0.0457077843727795,0.0355765637661714,0.20735756764064,-0.079774378483667,-0.0435748575108019,-0.4053441150593
16,"Luxury Heritage Seekers",0.144918941555287,1.18923388686804,0.50698459091763,0.147360582026084,0.542507406017058,-0.00345433441246451,-1.05456824790448
17,"Luxury Heritage Seekers",0.357576999754064,1.02226665053988,0.491900489476075,0.459715982150743,0.721979255611741,-0.0114311235557821,-1.60498947128456
18,"Clinical/Dermatologist-Focused",1.60914499582017,0.186062754622537,0.206870536958765,0.923611881026381,0.364734805930316,-0.0229741230203766,-0.803503266137268
19,"Price-Sensitive Pragmatists",0.470559009981091,-0.0864005405861902,0.40723631845783,0.380668840551474,0.223611094552282,-0.057469720516392,-0.685395951540822
20,"Price-Sensitive Pragmatists",0.495327072593429,0.106558301136679,0.252201845549196,0.568939032330562,-0.0227570486599504,-0.0608490008619685,-0.558945709135438
21,"Luxury Heritage Seekers",0.196860473813488,1.36690615794428,0.37814229143141,0.63180832205027,0.581444104263386,-0.0135800162952254,-1.22493922372299
22,"Clinical/Dermatologist-Focused",1.72938450754396,0.114601072780423,-0.0438425108816932,0.899306884826031,0.414036325149308,-0.0197075681534558,-0.889739178757834
23,"Luxury Heritage Seekers",0.27802910595017,1.29131689969281,0.57235541991568,0.44894154551636,0.413040675295194,-0.0102511564363421,-1.2106443271875
24,"Luxury Heritage Seekers",0.186161901940357,1.14484609585913,0.405390206904377,0.388021158001949,0.537551601572452,-0.0158866585712899,-1.17548755207709
25,"Clinical/Dermatologist-Focused",1.4144928647336,0.256881066435501,0.127310687567194,0.9283693217521,0.307650949736246,-0.0200018050166483,-0.72859269363357
26,"Price-Sensitive Pragmatists",0.276200806433508,0.271820567834198,0.204735978132986,0.0747191292039921,0.0896854526475231,-0.0393992123474065,-0.663827810159191
27,"Price-Sensitive Pragmatists",0.284187664720982,0.122914616012184,0.34828952677682,0.188981249799174,-0.108053983033961,-0.0548000692828152,-0.715259298761691
28,"Luxury Heritage Seekers",0.220933781193831,1.29678594024376,0.600574710649442,0.234807444214139,0.432918032503073,-0.00544670503841125,-1.15868145468906
29,"Price-Sensitive Pragmatists",0.57360206041221,-0.152372128921738,0.213097863334231,0.4030042840914,0.208626070102505,-0.0512441461932316,-0.490120726984738
30,"Luxury Heritage Seekers",0.169210969500418,1.23199037331553,0.678130141794362,0.256478203231488,0.724281921744815,-0.0121842078158438,-1.43645436071219
31,"Luxury Heritage Seekers",0.172677645457662,1.13672202070642,0.427356414332424,0.249553318648564,0.576996316400753,-0.0118243542143113,-0.916169693759983
32,"Luxury Heritage Seekers",0.092100249407187,1.23777635489383,0.552362229216025,0.544266339872311,0.613278284357042,-0.000706369686995778,-1.44668333036306
33,"Price-Sensitive Pragmatists",0.616953478806772,-0.00358402574977741,0.158535337181922,0.0335871860150844,0.120080397464418,-0.0316099571120134,-0.236675496712262
34,"Price-Sensitive Pragmatists",0.238475664682238,0.172891166560465,0.408278260811644,0.170651477407318,0.0672737803440684,-0.0472858346590983,-0.510325091383284
35,"Clinical/Dermatologist-Focused",1.80961441162236,0.203142964185995,0.248028202144545,0.854719511133411,0.374752302833692,-0.0241215268843757,-1.04188847554559
36,"Luxury Heritage Seekers",0.46447701646676,1.36630196322682,0.536152444103917,0.261658851696672,0.739654935222732,1.18443903160425e-05,-1.33039076458132
37,"Clinical/Dermatologist-Focused",1.60832304319977,0.107360036978788,0.113246640745865,0.750189201600599,0.29963508299901,-0.0150836608789027,-0.778473658153517
38,"Clinical/Dermatologist-Focused",1.31362708175812,-0.00536592099686137,0.153285467298212,0.650526445399894,0.187419983731156,-0.0258301381938613,-1.10838545497894
39,"Luxury Heritage Seekers",-0.0283251898720602,1.33201278254298,0.405211559561775,0.528073679074824,0.719393392412262,-0.020901471738496,-1.18524068684912
40,"Price-Sensitive Pragmatists",0.310934352365027,0.233242175295177,0.2079605623248,0.116446456123302,0.165759555425908,-0.0438554388101819,-0.624692637262435
41,"Price-Sensitive Pragmatists",0.702983593221396,0.0205921170524108,0.129381954052394,-0.0318905386026285,0.0939209915057234,-0.0383223277089699,-0.910708177639382
42,"Price-Sensitive Pragmatists",0.362490231989047,-0.0772475639979977,0.416290589752536,0.403684330831829,0.150175427101097,-0.0342799643969983,-0.730097677631803
43,"Clinical/Dermatologist-Focused",1.74259775874578,0.0122482737050148,0.248143628378844,0.855090597500264,0.25821853750604,-0.0159041363125285,-1.19557317304673
44,"Luxury Heritage Seekers",0.262362830243631,1.32565110605769,0.439479878187874,0.315698916125359,0.552167881989899,0.0021375795191257,-1.09287170977671
45,"Price-Sensitive Pragmatists",0.844879805474986,-0.0192616406838817,0.322154887201987,0.514704621519556,0.145147008272886,-0.0531230635637942,-0.750948375270493
46,"Luxury Heritage Seekers",0.294687815262358,1.49636865412801,0.612560072997008,-0.0207552491418629,0.494946883670005,-0.0100679235646974,-1.41872002308672
47,"Luxury Heritage Seekers",0.40417944697423,0.930799678722027,0.521493464606068,0.241316682130942,0.526325387157889,-0.0121273558933904,-1.15278077929382
48,"Price-Sensitive Pragmatists",0.459448986690848,0.066159443344606,-0.0887425645510839,-0.0158843947482969,-0.12044866609586,-0.0392860241483105,-0.636542247280692
49,"Luxury Heritage Seekers",0.340451491112701,1.06616087185663,0.419661798995553,0.384367795976024,0.573251081487012,-0.0108635198965199,-1.21080922081595
50,"Price-Sensitive Pragmatists",0.581636471038946,0.00776546488004452,0.301418968747205,0.334789940830633,-0.078397685528153,-0.0440905586263574,-0.601683252919562
51,"Clinical/Dermatologist-Focused",1.75437110789706,0.237216230157942,0.199631559998066,0.920401432862059,0.191976968258531,-0.0214859324753841,-1.15438132090724
52,"Clinical/Dermatologist-Focused",1.45495661562211,-0.0831219633378642,0.325431155591726,1.06724576977431,0.238058272060936,-0.0284673304850512,-1.01318969976656
53,"Price-Sensitive Pragmatists",0.736285553996894,0.406196975612573,-0.0579700505082179,0.146464001581642,0.329992073824344,-0.0452868307245768,-0.360388013651036
54,"Luxury Heritage Seekers",0.249962191003518,1.39074788858731,0.533636185887538,0.784360424322009,0.738067885015878,-0.0190490430191194,-1.29058217537449
55,"Clinical/Dermatologist-Focused",1.65553529269331,-0.185150097001941,-0.0706614917444863,0.731726609046717,0.247810559016129,-0.0107082338852602,-1.04112963472784
56,"Luxury Heritage Seekers",0.324357107333729,1.29030896353704,0.394214435446229,0.504329590312649,0.435523021787502,-0.0117132513891017,-1.25217421209154
57,"Price-Sensitive Pragmatists",0.47981929292601,0.341085184339178,0.277072178917489,0.407355974085954,0.214464557282485,-0.0496843840847558,-0.587768429935652
58,"Clinical/Dermatologist-Focused",1.80641186670472,-0.134189867923556,0.248715599089205,0.876481452457164,0.431667579110153,-0.0143737506861452,-0.954841989423575
59,"Clinical/Dermatologist-Focused",1.8239216675844,-0.128824070025455,0.336607633772903,0.663070195821369,0.388157438567787,-0.0193276827799946,-0.854910751457524
60,"Price-Sensitive Pragmatists",0.411821852937224,-0.135304975472913,-0.101173477602414,0.281146028635814,0.0889935102837362,-0.0492826379516856,-0.646660268978046
61,"Price-Sensitive Pragmatists",0.299287739934795,0.0763989321878531,0.0603042393500196,-0.0974514219205198,0.0670600293625933,-0.037160430979032,-0.318400565055049
62,"Luxury Heritage Seekers",0.300390929393575,1.28789950979363,0.64444734218598,0.308035652481978,0.534765238663494,-0.0230297294150673,-1.38955433996737
63,"Luxury Heritage Seekers",0.360946276810391,1.08105190483304,0.657268605523205,0.0980354190824694,0.570964416282976,-0.0100175196783526,-1.20192446008008
64,"Price-Sensitive Pragmatists",0.42279209829766,0.189776669710162,0.181068134405258,0.162719665122984,0.124049109235693,-0.0482523145619795,-0.36938813713496
65,"Luxury Heritage Seekers",-0.0255369864924117,1.45405069289371,0.46272756002151,0.363348057874859,0.748147994045951,-0.00373323870973733,-1.29907827885686
66,"Clinical/Dermatologist-Focused",1.83461042399378,-0.143446390293732,0.329584456021848,0.82325958398457,0.0123952461831898,-0.0339936038646496,-0.963223140484047
67,"Clinical/Dermatologist-Focused",1.93353014528621,0.14100640962167,0.369617719179242,1.02580040610901,0.201807708318269,-0.0128452926614045,-0.947057280176602
68,"Luxury Heritage Seekers",0.330989893897442,1.45016698514654,0.612117798746041,0.206013774491529,0.659283552890507,-0.0166912596553418,-1.10537723848623
69,"Price-Sensitive Pragmatists",0.335094222507315,0.167820796632778,0.255199856779452,0.159441876550714,0.169826892656947,-0.0406923283077977,-0.634604998523612
70,"Clinical/Dermatologist-Focused",1.77583637624537,0.308905406009968,0.100701311643562,0.783394618991248,0.377030786836317,-0.0268498417853095,-1.06741357078755
71,"Clinical/Dermatologist-Focused",1.72043990486554,0.0139784723528344,-0.0892187751772489,0.999658625073322,0.059618966430862,-0.0301595019309039,-1.45268990191268
72,"Clinical/Dermatologist-Focused",1.72468567333451,0.137664563327102,0.269344019891199,1.02671883348349,0.293704271351766,-0.0282918192927502,-0.915433652150369
73,"Clinical/Dermatologist-Focused",1.79550471337295,-0.125033140669199,0.108951614732145,0.856163240151513,0.10654749850146,-0.0147942061341898,-1.08987728543457
74,"Price-Sensitive Pragmatists",0.588535996595746,0.108026202044104,0.309213877650778,0.434164710231591,0.139843713039578,-0.0369245530559455,-0.568395310248113
75,"Clinical/Dermatologist-Focused",1.37324897112664,0.103360338987044,0.307720430906315,0.97341855267634,0.27391674811826,-0.029132746165013,-0.903040244693581
76,"Luxury Heritage Seekers",0.162531595747817,1.11222648363617,0.589239157760825,0.115078400221526,0.636654662235921,-0.00997920860992304,-1.39923145290383
77,"Clinical/Dermatologist-Focused",1.77695446177492,0.0110792501276607,0.379996747450501,0.82874494805818,0.213741435577378,-0.0202341951845637,-1.05370854939677
78,"Price-Sensitive Pragmatists",0.34650983835284,-0.0316496575150589,0.0180654312233056,0.291992992803055,-0.0209305012193716,-0.0553234269743167,-0.676177184874532
79,"Price-Sensitive Pragmatists",0.279859676989399,-0.22891785285051,0.156359427609849,0.225076118174078,0.144203853472853,-0.0420544405093446,-0.750126556950122
80,"Clinical/Dermatologist-Focused",1.55114093202649,-0.0512523208143264,0.104685277694935,0.718523896801899,0.132530429902096,-0.0152758912806805,-1.04087823552679
81,"Price-Sensitive Pragmatists",0.361173824743199,0.359433726983724,0.191241175188894,0.119440432308662,0.212093004424861,-0.048654433765423,-0.394063832778074
82,"Clinical/Dermatologist-Focused",1.54334914590307,0.00757710788224088,0.0247812423387972,0.949296053788663,0.519976594116025,-0.0226700715881668,-0.960779853718385
83,"Price-Sensitive Pragmatists",0.44999932827636,0.313328986046431,0.299581490099926,0.0389517266457034,-0.004535266200011,-0.0505959784270092,-0.578764069180167
84,"Price-Sensitive Pragmatists",0.399407916890402,0.155190625163765,0.101398562795413,0.143547999475842,0.211204009063763,-0.0457470506733635,-0.698143481791064
85,"Luxury Heritage Seekers",0.445674656109191,1.30202444673526,0.362519799946768,0.556453284189246,0.424784851508002,-0.0233577719511439,-1.53796986728523
86,"Price-Sensitive Pragmatists",0.497668895432005,0.0200751061595849,0.158666096454158,0.243444045894357,0.0300273907313854,-0.0570604513120852,-0.892467569406298
87,"Clinical/Dermatologist-Focused",1.54889501226535,0.126208829099698,-0.141666634116584,0.943578672142063,0.363345953621042,-0.0102894697759496,-0.975292897213907
88,"Clinical/Dermatologist-Focused",1.63074307612004,0.190690544008871,0.19712888462466,0.888042847893179,0.317397669660421,-0.0144186997696371,-1.06469359052915
89,"Clinical/Dermatologist-Focused",1.52507065721332,-0.0297743115133567,0.056336407509219,0.949019995700796,0.532105833852776,-0.0272664467664832,-1.02826606393892
90,"Clinical/Dermatologist-Focused",1.44549982578161,0.236212966279074,0.152392720293781,0.926850594981063,0.352204228159377,-0.0279070926595583,-1.01571164321661
91,"Price-Sensitive Pragmatists",0.365748607435821,0.201303334364131,0.0150132959740536,0.0200057683365831,0.214879986492416,-0.0494107339596223,-0.699044374496336
92,"Clinical/Dermatologist-Focused",1.6169520283296,0.0519401800470942,0.479957224540818,0.93892971836517,0.32423401063771,-0.0130169381799848,-1.00899201238894
93,"Clinical/Dermatologist-Focused",1.60731095501162,-0.0609313101100945,-0.143945714572101,0.718918972490349,0.317116414469579,-0.0277497280932903,-0.896678837148691
94,"Luxury Heritage Seekers",0.40876245265123,1.33260703164086,0.469751490257243,0.0951465209116976,0.553659358698426,-0.0133967716490292,-1.10051562832203
95,"Luxury Heritage Seekers",0.496294430512304,1.37515604648417,0.330756719720395,0.550649595809725,0.751552954867818,-0.00832359088094156,-1.53097268898144
96,"Luxury Heritage Seekers",0.156812157217026,1.28971403991846,0.61419588523479,0.123014370006256,1.08167984351509,-0.0291536863821312,-1.23539009240011
97,"Clinical/Dermatologist-Focused",1.56106560351078,0.000494962507121075,0.152151393376078,1.01135927363585,0.168856098632134,-0.0356211032472746,-0.985934814578467
98,"Price-Sensitive Pragmatists",0.399727028199581,0.0980349021442639,0.300195211183716,0.198024844557176,0.216407054571446,-0.0600805149947644,-0.76922707424577
99,"Luxury Heritage Seekers",0.352319935737858,1.24706522768546,0.641716189687643,0.14929202212103,0.708585409874527,-0.0150162455574277,-1.36695602905737
100,"Price-Sensitive Pragmatists",0.348579221594958,0.107466898475311,0.0158477057711697,0.0853991133758829,-0.0869273092426823,-0.0373741951668017,-0.49145810639117
101,"Price-Sensitive Pragmatists",0.245120929434233,0.183601900618414,0.161662786535072,0.0329912364279995,0.163179615942221,-0.0474221273388478,-0.467973014821272
102,"Clinical/Dermatologist-Focused",1.57077045898361,0.278208247315567,0.123535323234807,0.932932201630994,0.355544163204684,-0.0179066870470204,-0.969708634403001
103,"Clinical/Dermatologist-Focused",1.5980505186353,0.0863702490883765,0.404754704797826,1.03621958533247,0.208516774289714,-0.00952672084085411,-0.978280244003733
104,"Price-Sensitive Pragmatists",0.303908984260705,0.12547033893378,0.176421876886873,0.215140939181916,-0.046009123122242,-0.051148689564399,-0.395562154646186
105,"Luxury Heritage Seekers",0.444205639579692,1.16744132883983,0.364986182684552,0.558499969919525,0.88635632431934,-0.0158285589689145,-1.39534578939197
106,"Luxury Heritage Seekers",0.693524275022802,1.33444433715202,0.528012483821283,0.311420495242542,0.8107290279482,-0.0114379167650224,-0.981091175376586
107,"Luxury Heritage Seekers",0.266901682329819,1.37577188294097,0.344975449089068,0.325571020718883,0.780100224133789,-0.011225544360743,-1.0076286205316
108,"Luxury Heritage Seekers",0.70907945818669,1.44128863259964,0.462707894408066,0.314471828955973,0.534910358804739,0.00634000900588674,-1.64381694286952
109,"Price-Sensitive Pragmatists",0.412133235879867,0.116520670692583,0.232017248946898,-0.0336729418948483,0.132431731938664,-0.0435925213723017,-0.41120668121796
110,"Clinical/Dermatologist-Focused",1.67852766713634,0.267318141621994,0.0563746636744296,0.881339163021685,0.328760674357495,-0.0179583706204749,-1.10407216955099
111,"Price-Sensitive Pragmatists",0.62187578812782,0.00823494675358433,-0.0421464961539026,0.260373516588601,0.199683317093423,-0.037919046967538,-0.741939119656243
112,"Luxury Heritage Seekers",0.262756732614166,1.10073452971914,0.626714561314838,0.352154509865797,0.737064387964666,-0.00543794084964489,-1.29113219817067
113,"Luxury Heritage Seekers",0.326948710630777,1.01373858708739,0.575441938653364,0.445334873021775,0.468639431134001,-0.026020184040235,-1.42842413723775
114,"Price-Sensitive Pragmatists",0.233032268817089,0.286147584330384,0.200522290259449,0.0143308121010402,0.183354867834704,-0.0613736201201992,-0.637053668564587
115,"Price-Sensitive Pragmatists",0.566928539137967,0.0487490144486371,0.39581575132116,0.469298580716119,-0.0751752841210172,-0.0536421571873651,-0.737168320401847
116,"Price-Sensitive Pragmatists",0.479309204880044,0.225261839057287,0.38137054611373,0.394920881804122,0.261359845631484,-0.0379514923236428,-0.575493795988985
117,"Clinical/Dermatologist-Focused",1.46677921620394,-0.00892414741345257,0.261139550842061,1.15253045088777,0.555896973534692,-0.0344462502561956,-1.12509970228427
118,"Price-Sensitive Pragmatists",0.612869877449978,-0.0596164572528858,-0.0420366208720671,0.289971663304614,0.359944705808058,-0.030491215781567,-0.520076913649381
119,"Price-Sensitive Pragmatists",0.507949863402968,0.184014007863278,0.197286960251005,-0.305760862382577,0.214105486713963,-0.0479342013918241,-0.448514816428222
120,"Luxury Heritage Seekers",0.205954027938938,1.05481339457472,0.686786397804573,0.32720661698331,1.12429563959784,-0.00313306065004816,-1.04272402238606
121,"Price-Sensitive Pragmatists",0.514573740540228,0.00949189347109009,0.144435550594584,0.358973890750047,0.258266579475908,-0.0406277087915976,-0.747985115330931
122,"Price-Sensitive Pragmatists",0.652693271761597,-0.105026156852394,0.135017847708333,0.54875877405727,0.178618327172664,-0.0377194993769356,-0.543453990427108
123,"Price-Sensitive Pragmatists",0.250609990518677,0.0103775630427933,0.224787713462023,-0.239271576786635,-0.0271871339867824,-0.0390106161583242,-0.644768398194783
124,"Price-Sensitive Pragmatists",0.357458293458194,0.230427895997315,0.118346707295153,0.29432048530664,-0.113350168691809,-0.0542063447500071,-0.851115827361665
125,"Luxury Heritage Seekers",0.312659772336732,1.26908115040444,0.716280746042309,0.293732684492195,0.803063171664567,0.00458918956942126,-1.27364073505622
126,"Price-Sensitive Pragmatists",0.458265861241692,-0.026733988877897,0.310698555180663,0.0380359503074207,-0.0539710814365439,-0.0428340497881584,-0.586378302106924
127,"Luxury Heritage Seekers",0.339393476506683,1.31040023691869,0.420703427171476,0.280469675322185,0.843023811653372,-0.010134213424926,-1.39777340984239
128,"Luxury Heritage Seekers",0.173315975912808,1.13472776912633,0.364986478548875,0.110837412026628,0.206122664627564,-0.0049820068810707,-1.10099377361538
129,"Clinical/Dermatologist-Focused",1.56240993469133,-0.00856959754307284,0.078172755150588,0.959810150402762,0.333984536081907,-0.0168376731518509,-0.999274308441385
130,"Luxury Heritage Seekers",0.392847587264478,1.36467009167289,0.583746855528083,0.374394192100801,0.849282861141867,-0.0179127595915338,-0.973751296982999
131,"Luxury Heritage Seekers",0.249868701501739,1.29025288842723,0.51216223080701,0.232767780669174,0.216928957460105,-0.0123469940133926,-1.19379252719396
132,"Price-Sensitive Pragmatists",0.139340790799357,0.182490948954757,0.110408946111002,0.417161270905482,0.139730217139639,-0.0509158710583685,-0.574840166899271
133,"Price-Sensitive Pragmatists",0.438637466230189,0.236807105117546,0.17646914261677,-0.105006356267063,-0.0949498734617863,-0.0514293799494678,-0.536060205819571
134,"Luxury Heritage Seekers",0.257274560537287,1.20784471870452,0.373266375176378,0.323054243582831,0.472285158633272,-0.0129844080470716,-1.34099658394214
135,"Luxury Heritage Seekers",0.0917619387870873,1.44327768832951,0.302375679495143,0.310954371923943,0.514772122714744,-0.0179383800158787,-1.16110296923744
136,"Price-Sensitive Pragmatists",0.455970175677874,0.289700015392622,0.24878374941024,0.179229902073754,0.49037033459197,-0.0498771332136594,-0.750477484247004
137,"Luxury Heritage Seekers",0.219732913068828,1.28343781498348,0.590064525397036,0.362376758939802,0.584137402998451,-0.0164242190368459,-1.03090089985168
138,"Clinical/Dermatologist-Focused",1.73744224321727,-0.00865693890865413,0.303016863136211,0.967512868746692,0.456783240915756,-0.0188777822417192,-1.1711600729801
139,"Luxury Heritage Seekers",0.420374910362949,1.19069252035458,0.579081392859272,0.551021815831846,0.387175796959375,0.0017143310087667,-0.997025848662288
140,"Price-Sensitive Pragmatists",0.320695483496266,0.0623090836781082,0.0971228470561253,0.114444852161882,0.186944707231924,-0.0517421925393909,-0.628549483186917
141,"Clinical/Dermatologist-Focused",1.57841449339803,0.0855141023068667,0.227217007358354,1.13948613137795,0.232300239015981,-0.0259616016860061,-0.881157347552156
142,"Clinical/Dermatologist-Focused",1.65707084496415,0.135368197448868,0.288648239528062,0.688210469688167,0.459494368843667,-0.0165956159082681,-0.857303053447032
143,"Price-Sensitive Pragmatists",0.310222342989773,-0.176291007551921,0.12731157002781,0.0639729777464905,0.433414367110657,-0.0481009993228213,-0.632351077005697
144,"Luxury Heritage Seekers",0.459446778010673,1.39305197898704,0.60095999778185,0.69505643444225,0.624917159800946,0.00428881653150695,-1.16194223980304
145,"Luxury Heritage Seekers",0.0811467049118554,0.965912763807947,0.597452532675159,0.150112520284716,0.606295857551447,0.0033278277503003,-1.14792259839942
146,"Luxury Heritage Seekers",0.256935383077532,1.01131350218363,0.379902633599013,0.213657304391007,0.702630859900553,-0.00637406989287147,-1.19790548869389
147,"Clinical/Dermatologist-Focused",1.62703656019377,0.056781512753725,0.204534083433534,0.940751116279423,0.367373764112014,-0.00629279256177208,-1.16680355663257
148,"Luxury Heritage Seekers",0.521221114737557,1.40072686902166,0.268200718442835,0.258442915801334,0.505598551204203,-0.0169975033871481,-1.43068297263424
149,"Clinical/Dermatologist-Focused",1.52588469256001,0.0346959977094705,0.151468298557966,0.590832957162572,0.366225383264332,-0.0144023656507522,-0.881553568926297
150,"Clinical/Dermatologist-Focused",1.71561107605593,0.130075947674555,0.420252504751663,0.768531677408887,0.116009295941833,-0.0174662156001907,-0.933876386911878
151,"Luxury Heritage Seekers",0.188022532239485,1.30549091806479,0.548496443630457,0.356951404860239,0.731483474369304,-0.00299959009322772,-1.56432112840236
152,"Clinical/Dermatologist-Focused",1.85919910351317,0.168400396941582,0.114445948138152,0.732806339673305,0.435759639834584,-0.017539279883869,-0.838286505992827
153,"Luxury Heritage Seekers",0.290952666944625,1.26347218570553,0.836213384103241,-0.00539894562837473,0.658637169762426,-0.0071138999282526,-1.13419566006879
154,"Price-Sensitive Pragmatists",0.483721135306986,0.0585390425533831,0.374943211847335,-0.168141585240608,-0.0208349389181851,-0.0458935841296502,-0.575517564879181
155,"Price-Sensitive Pragmatists",0.460971926164438,0.195900999346646,-0.0262776456058525,0.201150590659554,0.178625203300058,-0.0350524809632191,-0.617035160164885
156,"Luxury Heritage Seekers",0.539872421759529,1.25777078516077,0.492515279163424,0.324032119098169,0.524642915639201,-0.00463046463417858,-1.40186809547448
157,"Clinical/Dermatologist-Focused",1.59915346520468,0.01891861753907,0.117938938872548,1.07271680805666,0.457832952291886,-0.00801480103473007,-1.03956951896627
158,"Clinical/Dermatologist-Focused",1.60486011813204,-0.132737496152886,0.141773085496322,1.16462221832702,0.237520840865442,-0.0287475401659204,-0.993715815072234
159,"Clinical/Dermatologist-Focused",1.78697336953893,-0.136695695631252,0.161926929231635,0.970174581307592,0.596629499168377,-0.0246170434613272,-0.772086759818336
160,"Price-Sensitive Pragmatists",0.335065720965729,-0.0546526562092569,0.0298498252515938,0.16683528119337,0.096637795164408,-0.0474217637101798,-0.442166526041169
161,"Luxury Heritage Seekers",0.32843117485428,1.28412585867012,0.409616829120093,0.105597610310694,0.306101004194017,-0.00839941202109122,-1.19619961948331
162,"Price-Sensitive Pragmatists",0.604753478178991,0.143664071236729,0.319582655168914,0.206147956156349,-0.0227486074438833,-0.0428276951762668,-0.549031933304833
163,"Price-Sensitive Pragmatists",0.277391090385485,0.095687602715788,0.500117247666799,0.0306100905073066,0.320826788810459,-0.0467030168736368,-0.377653410563699
164,"Clinical/Dermatologist-Focused",1.47354202382691,0.0900707008816153,0.24668502475368,0.883111465754488,0.398810825841397,-0.0212514612508212,-0.818668980225978
165,"Price-Sensitive Pragmatists",0.425562915082633,0.203862945436712,0.0221679595161828,0.101241606395443,0.263426192318733,-0.041184105441295,-0.620385993840064
166,"Clinical/Dermatologist-Focused",1.58368258945647,0.213235024068196,0.166428301757005,0.911243275640989,0.0531067796775,-0.00669492976133733,-0.885104812603514
167,"Price-Sensitive Pragmatists",0.524843176451613,-0.185818628370968,0.196874498570838,0.138659913132767,-0.106457945986519,-0.0395442721920506,-0.414880382814436
168,"Clinical/Dermatologist-Focused",1.51701633911838,0.0656214733106898,0.456719298338341,0.652528814505448,0.411633117815673,-0.0223551599298569,-1.01729662621067
169,"Clinical/Dermatologist-Focused",1.50835384858418,0.264504306852857,0.0309248583374362,1.04439142386574,0.510969602434783,-0.0323123713167478,-1.16903562888238
170,"Clinical/Dermatologist-Focused",1.68873182207536,-0.0434463679258904,0.096270517048041,0.833197084897296,0.248327365751015,-0.0147222636106541,-1.09045086471914
171,"Luxury Heritage Seekers",0.313402561862202,1.41062419558299,0.268943083314234,0.196555156102679,0.728969019031415,-0.0128238980550683,-1.58026252054578
172,"Price-Sensitive Pragmatists",0.271328615707419,0.222403961038924,0.136011663616134,0.139304473993748,0.0781346163606292,-0.0396040022394947,-0.673663612832899
173,"Price-Sensitive Pragmatists",0.471393765762775,0.185973050207901,0.0471710633426529,0.190719164834545,0.0192542347593323,-0.0418728395541693,-0.826241498419536
174,"Price-Sensitive Pragmatists",0.630875489165121,0.301902713289399,0.0735716333747713,0.0995188658288512,-0.0362731172219183,-0.0460240548134827,-0.675155694493688
175,"Price-Sensitive Pragmatists",0.41689576702246,-0.181282634464141,0.223782007168747,0.202334400689601,-0.14009051918902,-0.0429302018312253,-0.591757104019364
176,"Clinical/Dermatologist-Focused",1.56541399679541,0.0980175564094163,0.257742379403349,0.952008557550187,0.235258085913206,-0.0113736647050347,-1.00547982893318
177,"Luxury Heritage Seekers",0.279629786739515,1.44169270684668,0.64880620425051,0.194899536754665,0.451341199224811,-0.0152921353949411,-1.37636638399923
178,"Price-Sensitive Pragmatists",0.132820457238952,0.146591128275759,0.178233445857585,0.296382463053869,0.0997510956548044,-0.0419312777844199,-0.674408722096522
179,"Luxury Heritage Seekers",0.155983806164825,1.41671983368556,0.614168092449176,0.0399431724175149,0.731594197774014,-0.0233002857920027,-1.20685309864667
180,"Luxury Heritage Seekers",0.240769161902379,1.28079156003685,0.664435659782993,0.111717320907014,0.560177445805516,0.00914976867530191,-1.42174594589258
181,"Luxury Heritage Seekers",0.206011864765392,1.29384219664879,0.529992982974866,0.220004159920894,0.560095152347398,-0.00186889139410999,-1.22711182194376
182,"Luxury Heritage Seekers",0.337733297906735,1.35543133527323,0.561055138908465,0.373875752886867,0.608194886857846,-0.0153150555712143,-1.20874061286653
183,"Clinical/Dermatologist-Focused",1.45548672666437,0.114008994490881,0.147814829981134,0.882249834278168,0.135136356423762,-0.0221230730931667,-1.16346020092684
184,"Clinical/Dermatologist-Focused",1.53915016838502,0.179036088939664,0.236062997266324,1.0347543685874,0.373195219040321,-0.0191600647610185,-0.850252997929567
185,"Luxury Heritage Seekers",0.478757521313013,1.09009186493144,0.633822160497016,0.416693845551121,0.741287177452043,-0.0168160203422583,-0.838660373328568
186,"Luxury Heritage Seekers",-0.0891375261462125,1.30102945562711,0.51771600033925,0.277545401038487,0.712180993179475,-0.00906973894825878,-1.3167082120819
187,"Luxury Heritage Seekers",0.511504995823833,1.25591322876552,0.591601796750806,0.200023488020511,0.441017568259425,-0.0145437902437174,-1.35852621312812
188,"Luxury Heritage Seekers",0.379965970901244,1.06718610780289,0.353226580203713,0.304082753273997,0.342664152450436,-0.0137866601986953,-1.24573840213764
189,"Clinical/Dermatologist-Focused",1.801911735314,0.0613694963804956,0.12150690490125,0.800517330154105,0.367083155953899,-0.0223958823644451,-1.08156682749054
190,"Clinical/Dermatologist-Focused",1.55804898362672,0.25978489005504,0.435174312371843,0.80353318815622,0.303078262276603,-0.0224313834378161,-0.721390596673695
191,"Clinical/Dermatologist-Focused",1.68861459926036,-0.167094007609459,0.134883695063703,0.556087543244097,0.286055214232269,-0.0147202666000272,-1.13417344318852
192,"Luxury Heritage Seekers",0.107623981188807,1.48836762612257,0.355305503061744,0.436167582159614,0.632111042050376,-0.0033923265793827,-1.04961825025758
193,"Clinical/Dermatologist-Focused",1.77098657568516,0.285405377846165,0.244310226521401,0.925764153540819,0.156691607595684,-0.0290780684079255,-1.09020744967549
194,"Clinical/Dermatologist-Focused",1.57962757951302,-0.0480909177380766,0.32478875219274,0.780741072537678,0.351069691802374,-0.0134717763473981,-1.17732415078696
195,"Clinical/Dermatologist-Focused",1.75343409636024,-0.2162651864365,0.234464395654899,1.12675661873306,0.383315698372602,-0.0131384089906297,-1.08300949364193
196,"Clinical/Dermatologist-Focused",1.6447564134265,0.265956930947821,0.000627562275137357,1.0502541193329,0.0886044189363885,-0.0237408576851095,-0.606586472126732
197,"Price-Sensitive Pragmatists",0.476599834904279,0.0863735208671202,0.346814851881632,0.163428701466753,0.193271343882045,-0.0475844641488474,-0.953283681876223
198,"Clinical/Dermatologist-Focused",1.67085814500305,0.0232779707819629,0.113959670036583,0.90056958055929,0.501382639429172,-0.0177840386633044,-0.873731958459185
199,"Luxury Heritage Seekers",0.394359644733071,1.31523975991946,0.600668131199152,0.279252543815742,0.412603162027139,-0.00739273566838482,-1.54167204887574
200,"Luxury Heritage Seekers",0.152068622820955,1.29106879846717,0.475886076428881,0.236945771948956,0.748288652449292,-0.0180221034333147,-1.59204652005227
201,"Luxury Heritage Seekers",0.417067784649323,1.30676576103311,0.483726626165365,0.241316353489355,0.346950074350711,-0.0171452834136376,-1.12388788318449
202,"Price-Sensitive Pragmatists",0.402822414851008,-0.112836556037844,0.289725789702835,0.317956943261484,0.0798050431146644,-0.0451228988821149,-0.388628938764736
203,"Luxury Heritage Seekers",0.35922580482034,1.48298126921087,0.493238418069054,0.521923176725817,0.588647431996141,-0.00311688657100334,-1.25171680706136
204,"Price-Sensitive Pragmatists",0.238449601591912,0.250240709103743,0.544400606115701,0.151118282682498,0.320328419279398,-0.0467768169988039,-0.461476032316436
205,"Clinical/Dermatologist-Focused",1.45162122899479,0.141346941743006,0.0854508359658445,0.697183202370004,0.398253661534201,-0.00792764929733782,-1.11827604488169
206,"Price-Sensitive Pragmatists",0.267418583121101,-0.0608771917690373,0.131278852782824,0.299847052336734,0.206834231862809,-0.0416778432937563,-0.486061903191123
207,"Luxury Heritage Seekers",0.229668350097131,1.27409350331742,0.602307484907871,0.257763400763768,0.455756613910227,-0.0203323760854942,-0.795362004504247
208,"Price-Sensitive Pragmatists",0.14504274166556,0.10439749791913,0.490147150422686,0.325626631276694,0.0721980503373,-0.0410000311667671,-0.332256563697786
209,"Clinical/Dermatologist-Focused",1.62844417297452,0.01463687317201,0.417783941685818,1.1803490178848,0.152316765939369,-0.0146093242707173,-0.980597905456261
210,"Clinical/Dermatologist-Focused",1.705246196334,0.179004674783117,0.19692303515681,0.965737657096046,0.118420715144769,-0.0305331495787168,-0.891887626418603
211,"Price-Sensitive Pragmatists",0.412905325491509,0.080257443788731,-0.0514077968409758,0.114575301384783,0.128830772634482,-0.0486474219056462,-0.587807398050919
212,"Price-Sensitive Pragmatists",0.457734587017645,0.0793747043442729,0.264138966385864,0.163540332719096,0.0522470758219163,-0.0469057979513101,-0.50416688547554
213,"Clinical/Dermatologist-Focused",1.72315980747491,0.450321862987294,0.0525038663583407,0.793881383999061,0.396622365202488,-0.00771751002540344,-0.816002773800354
214,"Clinical/Dermatologist-Focused",1.52984415725038,-0.00173465956069836,0.454460340699566,1.13142702751336,0.332179138809141,-0.00724483778185762,-1.00119802444718
215,"Price-Sensitive Pragmatists",0.277314945279585,0.0924084744574685,0.211988162982355,-0.0339356646841071,0.0742753064880562,-0.0481395531962425,-0.526306977295026
216,"Luxury Heritage Seekers",0.220315735315346,1.37233301766023,0.580443656007399,0.258101368821165,0.593473910294912,0.00786136468969635,-0.967795332996658
217,"Price-Sensitive Pragmatists",0.633214299779347,0.108716684517087,0.0740331626709254,0.285668517298322,0.109907167384458,-0.0181150538030251,-0.88978433304769
218,"Price-Sensitive Pragmatists",0.369575124363103,0.322557280640966,-0.114777460024676,0.161052700091486,0.150110190383078,-0.0466472819372491,-0.739765770493366
219,"Price-Sensitive Pragmatists",0.381663967255514,0.300779263519264,-0.00224967850665474,0.412225358676497,0.237107341827202,-0.0542751593886998,-0.825114053201194
220,"Luxury Heritage Seekers",0.30518080258448,1.3429449468104,0.677931214076841,0.294367594223618,0.663055739096034,-0.000330651382429248,-1.02439662223506
221,"Price-Sensitive Pragmatists",0.523914048112707,0.148587559763573,0.257142561718182,0.380392937418994,0.265330862609821,-0.0454613620498436,-0.545311512900633
222,"Clinical/Dermatologist-Focused",1.85388284499787,0.320705051870798,0.0534128507983821,1.11723025118729,0.28712165091122,-0.0318032735124009,-0.806128576079996
223,"Price-Sensitive Pragmatists",0.412670163335157,0.245056899472013,0.490866949132553,0.361980895724845,0.046960970975027,-0.0460119234353892,-0.748069864996125
224,"Luxury Heritage Seekers",0.176743778090941,1.37342963837721,0.455108381163578,0.398738234786153,0.724861432450619,-0.0072740255408298,-1.25979684879254
225,"Clinical/Dermatologist-Focused",1.37531050157415,0.11719422629087,0.0443275073995056,0.996896830689235,0.415926810008787,-0.0176298938140969,-1.15571692371974
226,"Luxury Heritage Seekers",0.186729406486672,1.22627435354611,0.522083861766177,0.6534754564928,0.461899684934114,-0.0261763583740664,-1.2180600074342
227,"Clinical/Dermatologist-Focused",1.47411335056544,-0.225865986307217,0.068853803576857,0.843963097664625,0.134670343185536,-0.0146325510450242,-0.863853954147374
228,"Clinical/Dermatologist-Focused",1.55127922993223,-0.122237889842262,0.289125670829531,0.771768796932068,0.175512369505118,-0.0188816988877688,-1.14642190620761
229,"Clinical/Dermatologist-Focused",1.55579733885154,-0.0156462373723021,0.258842556061811,0.773054114267326,0.173436010360432,-0.027214163332162,-0.998342551996518
230,"Clinical/Dermatologist-Focused",1.78224234481328,-0.0333317773607426,0.23271518921699,0.801582450058944,0.1367226229079,-0.0118165182641923,-1.08538409824867
231,"Price-Sensitive Pragmatists",0.64312151958859,-0.00304826683756112,0.298549505535295,0.366603832285206,0.421108109509949,-0.051232288568493,-0.58853912157028
232,"Clinical/Dermatologist-Focused",1.74037366692986,0.0247499945702785,0.289228019577677,0.835402324629544,0.129999142099081,-0.0367787866982722,-0.922804064133529
233,"Clinical/Dermatologist-Focused",1.54871393272556,0.357681614322893,0.0325433137013058,0.826728057125573,0.421099844011164,-0.0219575655625309,-0.926791012326013
234,"Clinical/Dermatologist-Focused",1.80291757314543,0.426522338696388,0.207708066681026,0.774285683214688,0.137307748603737,-0.0240989957680501,-1.06397645570571
235,"Luxury Heritage Seekers",0.118350366690032,1.38966894966685,0.71358436836259,0.233505206166248,0.443949980148857,-0.0195542280880544,-1.08447725819823
236,"Luxury Heritage Seekers",0.304728393296479,1.01427178728426,0.481436723428164,0.300049256582016,0.473433248290671,-0.019160000278217,-1.26794789904233
237,"Clinical/Dermatologist-Focused",1.49465201030783,-0.00115705782276891,-0.145453478572886,0.877600064282569,0.442303438495519,-0.0113272815460732,-0.688847127115357
238,"Luxury Heritage Seekers",0.339793495548219,1.14219942562893,0.575351335432794,0.46497675346828,0.882975724562126,-0.00391559874482954,-0.987263428680906
239,"Price-Sensitive Pragmatists",0.465875485255443,-0.0916252412901649,0.0707940192182835,0.483047881245663,0.205613096977436,-0.0500079039399902,-0.705857151308573
240,"Price-Sensitive Pragmatists",0.261892213012844,0.122270993799404,0.162497395830084,0.0587346568833052,0.282129852795839,-0.0448607517524983,-0.486325245081368
241,"Clinical/Dermatologist-Focused",1.5429905950006,0.126242307002083,0.355028496353714,1.00135859931487,0.441192186436886,-0.0336997255438546,-0.973419342805516
242,"Price-Sensitive Pragmatists",0.37122882070791,0.00247019349852563,0.115895548811,0.451364868994992,0.164580190065886,-0.0460845496526793,-0.459146143178385
243,"Clinical/Dermatologist-Focused",1.51817548757151,0.120827554482347,0.417029347002883,0.85010578707742,0.180126559160518,-0.0241121955884931,-1.15761943067791
244,"Clinical/Dermatologist-Focused",1.637899373655,0.149179278099295,0.328350860073576,1.17026434074412,0.51078612176231,-0.0293809384560175,-0.700133671829087
245,"Price-Sensitive Pragmatists",0.420891773138822,0.0419996344840415,0.478345353566521,0.264328307671442,0.359618520938466,-0.0453264275560449,-0.709662871220626
246,"Price-Sensitive Pragmatists",0.105105388566906,0.269029797278278,0.0667873417348828,0.330703889058799,0.117984034992451,-0.0414567379139745,-0.410004013526991
247,"Clinical/Dermatologist-Focused",1.52720254315796,0.0307699620723486,0.165236249408185,1.05905306586573,0.228782144324809,-0.0213163271071829,-0.880551325136628
248,"Clinical/Dermatologist-Focused",1.71681179737796,0.219520384936914,0.207357735925451,1.01439194022522,0.34289896044546,-0.0247461127861462,-0.729342327879836
249,"Price-Sensitive Pragmatists",0.120548354047863,0.226829257181958,0.251250152434191,0.20341664092152,0.00829000173300344,-0.0469539507935606,-0.329149452803544
250,"Luxury Heritage Seekers",0.285450109949452,1.24232699503224,0.368245678624248,0.225663221709462,0.587356131963832,-0.0201829155029125,-1.02859532748494
251,"Clinical/Dermatologist-Focused",1.61467405561708,0.319753154289514,0.348565377908643,1.11215801260834,0.0996153346029988,-0.0156531227120505,-1.0542731821448
252,"Clinical/Dermatologist-Focused",1.59297213255223,0.0100783792882343,0.232265673983425,0.914044722821856,-0.0179751622697021,-0.0136066768338147,-0.976843814153011
253,"Clinical/Dermatologist-Focused",1.45422075396919,-0.0652141753884703,0.0964632667554353,0.662454761668313,0.320664909977075,-0.0087324203377788,-0.971067761927759
254,"Price-Sensitive Pragmatists",0.479073210178574,-0.122480943680357,-0.030880108496411,0.0655350669628516,0.208160496962233,-0.0516337645851491,-0.516210221143717
255,"Clinical/Dermatologist-Focused",1.56718937427306,0.15754352235799,0.0441319834629737,0.757651162714376,0.284375856902482,-0.0215653332704293,-1.26830952928783
256,"Luxury Heritage Seekers",0.380562663162976,1.00754558948607,0.437714830767018,0.308269450588953,0.494700042136684,-0.0205287927443048,-1.25982358963388
257,"Clinical/Dermatologist-Focused",1.58343673006528,-0.0386117676910099,-0.00358645006236333,0.720809327587307,0.220726833106832,-0.0233947016504071,-0.787077221025799
258,"Price-Sensitive Pragmatists",0.207147828322643,0.157172340904297,0.137379709835334,0.21392921311816,0.000462319633566792,-0.0389787945786933,-0.855462396809183
259,"Price-Sensitive Pragmatists",0.423086060884726,0.103911324988204,0.358379506862766,0.166329932847424,0.174489458405956,-0.0420027453402237,-0.697036912602823
260,"Price-Sensitive Pragmatists",0.38743558528187,0.0799568199985722,0.367940578321129,0.235883145887391,0.143590332378678,-0.0274229893618602,-0.53755528314204
261,"Luxury Heritage Seekers",0.354372161680392,1.37975239382142,0.732206335750971,0.444223245090866,0.65076542679097,-0.0145821475320183,-1.14644219243847
262,"Clinical/Dermatologist-Focused",1.62122630198158,-0.175443701566797,-0.0311546569590759,0.63084257033732,0.512177236268811,-0.0153624658117927,-1.35256830807989
263,"Clinical/Dermatologist-Focused",1.67005473791412,0.109574790721527,0.161560933726959,0.788321694261995,0.109646208518366,-0.0135302899405191,-1.08654020078455
264,"Luxury Heritage Seekers",0.280159897756495,1.3880242150882,0.58025004154964,0.240988509454912,0.518908587418596,-0.00805411813574064,-1.37674181415133
265,"Price-Sensitive Pragmatists",0.445920771782301,0.126022184368053,0.237586710075532,0.158311392625848,-0.158710360139427,-0.0600502870789177,-0.793771249570269
266,"Clinical/Dermatologist-Focused",1.65487573427249,0.0771695119137353,0.0898858864885687,0.782704191452761,0.382735055221906,-0.0320813073832255,-0.887773535036434
267,"Luxury Heritage Seekers",0.367394401685638,1.16949062193345,0.485337810296309,0.43396503205744,0.802637264289938,0.00116727795731376,-1.14433991807291
268,"Clinical/Dermatologist-Focused",1.56782901347311,0.168324188490872,0.16128333346159,0.749561437184383,0.426621522419691,-0.0147900591807752,-0.810849437852905
269,"Luxury Heritage Seekers",0.549983893400651,1.5207786907134,0.618397355762665,0.294531859322499,0.586307508503625,-0.0130964720428143,-1.31715917974801
270,"Luxury Heritage Seekers",0.241486082188218,1.39207564330139,0.557701553049986,0.119151502527244,0.779677683002106,-0.000316440500073609,-0.977539259621921
271,"Clinical/Dermatologist-Focused",1.41646071462826,0.0380238048443455,0.138562870068156,0.832325292260669,0.215295157240779,-0.0242000775087253,-1.14558371004883
272,"Luxury Heritage Seekers",0.215576468073985,1.25019453350527,0.529047516462394,0.390846428440833,0.743681039913751,-0.016006138292383,-1.19361770165921
273,"Price-Sensitive Pragmatists",0.750355129302011,0.0307198816267023,0.311064485906099,0.0952483008976599,0.259805335218344,-0.0409086238399593,-0.737731398036481
274,"Clinical/Dermatologist-Focused",1.75377870155141,0.26886076043592,0.332420057749761,0.484788208372397,0.32157398682844,-0.00860087656136148,-1.02569741170316
275,"Luxury Heritage Seekers",0.201278250102307,1.27685580968704,0.142544102549494,0.129255436307759,0.586911670078119,-0.00373504959516848,-1.16818336977127
276,"Clinical/Dermatologist-Focused",1.69620194521068,-0.0548151451678846,0.422865598062966,1.07857143709169,0.392584009721465,-0.021297037433494,-0.870762933886454
277,"Clinical/Dermatologist-Focused",1.50698711131833,-0.0317319570902607,-0.134289272031431,0.928989483790125,-0.046898507541046,-0.020182503441018,-0.933798911614142
278,"Price-Sensitive Pragmatists",0.518436513065435,0.253272944002409,0.292289173930564,0.0710633215747113,0.233612346455346,-0.0445254393938445,-0.879699158333996
279,"Price-Sensitive Pragmatists",0.38302947236152,-0.167507956381274,0.0419764338914507,0.1070967984043,0.0119592135221291,-0.0380476820104231,-0.609810876800625
280,"Price-Sensitive Pragmatists",0.259433236183725,0.0049210849357877,0.11371635709774,0.2282331562639,0.18094839616944,-0.0481566305224276,-0.650919983996563
281,"Price-Sensitive Pragmatists",0.477712058254488,-0.0304081431519837,0.175899362876776,0.178607482009244,-0.0147816451766306,-0.0499485042848776,-0.646110816062016
282,"Clinical/Dermatologist-Focused",1.4677108824691,0.0856982261877361,0.00860459403888429,0.956337747594721,0.229615444110547,-0.0140080009728559,-0.936056770111193
283,"Clinical/Dermatologist-Focused",1.52318019802097,0.0478726694536401,0.291408911958046,1.0103196477055,0.371506284100998,-0.0175378567491354,-1.26719012128804
284,"Luxury Heritage Seekers",0.31790946320181,1.08725569419752,0.511405156648082,0.200875013668372,0.58417409309123,-0.0188506441569019,-1.22465387796941
285,"Clinical/Dermatologist-Focused",1.82791611614764,0.373774761726047,-0.17329597752303,0.65185166244154,0.0868717077942125,-0.0295722242468888,-0.688134880094117
286,"Clinical/Dermatologist-Focused",1.75233040310234,0.0835580775737442,0.347227832154397,1.23920208102159,0.395563488570534,-0.00668347592864757,-1.17212523212047
287,"Price-Sensitive Pragmatists",0.238101610936818,0.260192478818864,0.333762978704639,0.330514476490956,0.172864369730284,-0.0485332026963454,-0.457555500926918
288,"Clinical/Dermatologist-Focused",1.87715913869381,0.28606111433061,-0.00712213275268608,0.971201531593722,0.301851953698154,-0.019346750470357,-1.0273552290645
289,"Clinical/Dermatologist-Focused",1.4101494601262,0.149692586941111,0.402759294647997,1.1454848604394,0.371989834327903,-0.0255223693344339,-1.08745249291204
290,"Clinical/Dermatologist-Focused",1.50828520270729,0.190502506541634,0.164635499096403,1.33563241374351,0.259756308102687,-0.0188893036369772,-1.03101924742529
291,"Luxury Heritage Seekers",0.203615979232268,1.42713577358269,0.420864181039902,0.30035561356622,0.557717964967308,-0.0312135598929047,-1.10236045255085
292,"Luxury Heritage Seekers",0.323663875667,1.17198444660019,0.704465012896111,0.110565574324327,0.333308018141889,-0.0151518973380667,-1.37765032834399
293,"Clinical/Dermatologist-Focused",1.71845159525915,0.11289456564254,0.14449078361309,0.901400455056462,0.157341061249076,-0.0186371171645165,-0.971449023395072
294,"Price-Sensitive Pragmatists",0.389239184590282,0.0995722434924108,0.0337671557131286,0.340278765106039,-0.122875917760599,-0.0282859357618012,-0.356379716619331
295,"Clinical/Dermatologist-Focused",1.677964693788,-0.1028042955143,0.263918574144326,0.650521862218999,0.25950845672535,-0.0140690678016959,-0.87390870418405
296,"Clinical/Dermatologist-Focused",1.60494542272757,0.0642754369227182,0.239532842922623,0.661232223890218,0.24356473967296,-0.00640604637567219,-1.26071495239268
297,"Luxury Heritage Seekers",0.544366672611796,1.37921581622328,0.445933372010367,0.635642533591772,0.593970057378756,0.00420593998672999,-1.19627930250935
298,"Price-Sensitive Pragmatists",0.483013810465067,0.0138473581836673,0.0607494490340745,-0.100063816194223,0.00668969555512528,-0.0395464082513607,-0.765327495486803
299,"Clinical/Dermatologist-Focused",1.426080584372,0.0341641540370921,0.223870131014533,0.825809897170047,0.481855176837155,-0.0178052568056613,-1.00540636915485
300,"Clinical/Dermatologist-Focused",1.43460758461507,-0.0403460430423604,0.269125599023046,0.850145480608406,0.465924490323366,-0.0322527020363835,-0.949721079910694
