"resp_id","pos_derm","pos_luxury","ing_vitc","ing_pept","fmt_pump","price_eur","none_flag"
1,1.27026056196101,1.06720407278222,0.00357653246995232,0.00371870649475313,0.860525328349599,0.00880549219587604,-2.09181515411492
2,1.73425055858731,1.25138116926366,0.506462949905469,0.0834264644011277,0.839746427129239,-0.0189909588158166,-1.69437142339867
3,2.16098242265718,-0.0116066089921645,0.0963879982294812,0.591569056905497,0.707601859562671,-0.0177833451949612,-2.48766954733574
4,0.847523661421983,1.60157775070239,0.382124359396097,0.210286590040594,0.840893444462137,-0.0105055581946871,-2.52924359938373
5,0.754219499306805,0.360582840718947,0.756225164751277,0.316002036555661,0.796078108543008,-0.118068133970871,-1.72396861454092
6,1.70227244056952,0.558780333097147,0.0989855136928367,0.523860183432126,0.446392055494536,-0.120345332686819,-2.22354372726875
7,1.35342353773563,1.44913774064693,-0.329154290315882,0.161370588840687,0.780323682645684,0.00615160336113174,-2.38346447390112
8,2.31711030578306,0.639721527988396,-0.52449323149423,0.482454989452176,0.466128174767805,-0.0416605143094146,-2.53357162805843
9,0.30293927600248,-0.0938948260449149,1.35661400387367,0.141604302849075,0.350972152048751,-0.037129685690233,-1.51000603444475
10,1.40538112754645,0.618926907430525,0.512734794542144,0.429552285612733,0.5569069338045,-0.0585706311750531,-3.2879289661282
11,1.04055532792578,0.433190629418497,0.382225830983919,0.436774197112888,0.290909836299982,-0.067687298756837,-1.43570247407227
12,0.665752561024393,0.788735942916098,0.421670243613593,0.622562647051699,0.479845884699143,0.00127939188868803,-2.28446575865318
13,0.444014977450101,0.805927156968227,0.98696833593048,0.167054537837142,0.810125686507718,-0.010623719671487,-1.39380212364393
14,1.89605760417923,0.929758858929301,0.0647198536757071,0.445237482053664,0.675551758233056,-0.0395617932438528,-3.26434571144839
15,0.28415272344018,0.535664464990263,0.647883857669092,0.28656394768073,0.477660736976352,-0.0812531306020791,-1.88097371341673
16,0.299202793901869,2.1813407251809,0.624214211055536,-0.0804589377320306,0.457743392517764,0.0125103561433816,-2.59638112990409
17,1.86771061689886,0.854253835008749,0.963499831747055,0.889198322539437,0.219780085875962,-0.0291577879993188,-2.78312577361175
18,1.62104192490351,0.568458780453816,-0.444883625753869,0.593897095096351,0.506776256185877,-0.015633682269227,-1.80785929042995
19,0.701824270834559,0.491115440684698,0.237154069538255,0.169181743703133,0.723811967237481,-0.121046739003136,-1.72973390350835
20,0.79468370337932,0.818202491227151,0.664868383273291,0.593488429498992,-0.00861864550125654,-0.0972849734719569,-2.30181361081556
21,-0.242699371223118,1.75689537765229,-0.232002799092639,-0.104052391805647,0.713817921962175,0.0110694740569799,-2.35851067260286
22,1.64186440063786,0.148515083842267,-0.180450491195837,0.23450545166054,0.0313802424399857,-0.0184364058188008,-1.23025007478904
23,0.578401364821378,0.880409039926181,0.424459884640957,0.239856977762435,0.377317873048525,-0.00912051991989822,-2.53807165293153
24,0.625818804321154,0.687093195942724,0.42053550352447,0.165527557173487,0.861827750596221,-0.0179997198329259,-0.941223648523058
25,1.83918618161188,1.06625344606403,0.422420081868072,0.390911601875718,0.864189731632754,-0.0427039014545838,-1.70357776825412
26,0.216766639316286,1.3252031908931,0.7665817224702,-0.216369300034869,0.261184294477553,-0.0425529400506918,-0.980237730161783
27,1.86531206664992,0.580781734590461,0.853921169212242,0.435186295804691,0.462409732472491,-0.11867765152054,-2.64116604844908
28,0.460988757208401,2.05770289054287,0.329975500605136,0.400173621383684,0.103159420997286,-0.00268260707291847,-2.70854189355214
29,0.582772234523186,0.709290566912022,0.154994740318289,0.205072810305265,0.626520628517096,-0.0729270829609711,-2.14410033321045
30,0.702790086831613,1.15490234247074,0.595877749906505,0.378373698826109,0.251211993492986,-0.0213659979806893,-2.96380898271052
31,0.525539868120544,0.62218076286996,0.33414380237794,-0.126461929389458,0.781812998553714,0.00636221290149073,-2.22623631751442
32,0.056960786846315,1.54872445324217,0.989052396007146,-0.216763224584971,0.693713407468042,0.00072941900364158,-2.54206186371501
33,0.85525755507774,0.756380572320293,-0.016910399829117,0.541557143402512,0.564172911557474,-0.063642560198969,-0.591159697938013
34,1.17678735074152,0.46285778296972,-0.0302430672506012,0.595371045075852,0.727778940010642,-0.103004326209867,-1.83768362928829
35,1.02533766995738,0.0126301686746561,0.294247919650539,0.677439037345713,0.592310255531304,-0.0268605126018807,-1.11141302800904
36,0.111343845049039,1.05740394189526,1.19280194680908,-0.483536893464456,0.939217675570476,0.010210510041943,-2.21063704618798
37,2.07956947311482,0.151394662522321,0.130856855098993,0.828369913262714,0.333997435469539,-0.0248732698545189,-1.94087571140354
38,1.63761414190321,-0.239308934408114,0.19502149212234,0.696846742203472,0.558200302910997,-0.0234880588418187,-1.01564048663198
39,-0.236667612482076,1.63943587065233,0.982943999660772,0.208666105796592,0.51826116494943,-0.0294505267238892,-2.23060079486458
40,1.36391018099969,0.933602241698507,0.517583431610976,0.198322247400178,0.761444046810148,-0.0784552038299828,-2.24129301284072
41,0.748779692010934,0.637416393446819,0.430965466572019,0.113590642218597,0.845186016168295,-0.0727616914032579,-1.32154728866043
42,0.872537657792413,0.298121244010981,0.0687093234606553,0.538205626860727,0.629724800924618,-0.0545279242764687,-0.809905364879336
43,0.906516111877176,0.572994019658102,0.655083488863739,0.351151371951362,0.228218118714681,-0.0084501581296933,-1.55242029168549
44,0.907654518965182,1.25313369772788,0.641689277957511,-0.0160374435785592,0.129901949276319,0.0100428535638555,-2.65813538165389
45,1.96964500959306,0.0555582737135515,0.221627664276412,0.708038651757068,0.532154711102185,-0.0822345080655755,-1.55691620755912
46,1.38078806734222,0.550380591595908,0.472646340884001,0.0502032895263511,0.488012560910704,-0.0236698544980624,-1.92788499513435
47,0.769010848438478,1.40598510073897,0.0976382835544029,0.158025698581341,0.68610986755443,-0.0144339956772806,-2.67806234297628
48,1.29206624767774,0.172068806954911,0.14143088111654,0.99924539995927,-0.0401333470095924,-0.0481102656238598,-0.454372792834009
49,0.68913590143066,0.869548008965709,0.643066295449302,0.595722672077973,0.68222944839052,-0.0357241282152099,-3.18787120354999
50,1.76369140255856,0.399904249733229,0.0131740756514606,0.907926313264971,0.135978858319187,-0.134869085847573,-1.8306190170922
51,0.9979498601179,1.21745055926712,0.338272652141958,0.626641054693003,0.228332029704356,-0.0542131112390212,-3.6374407520518
52,1.3825732389109,0.258687601062979,-0.302406977515274,0.887357981124921,0.0755171304385241,-0.0202805991295991,-1.15500758045576
53,1.34925758807045,0.952372914594073,-0.0464640712558738,0.521814995231484,0.303821684681034,-0.121234819826025,-2.27582519519358
54,0.827491932070589,1.33820678135711,0.682482695928042,-0.121318620147452,0.972310764694229,-0.00274851214848128,-2.31496884265268
55,1.35287804881295,0.599736343127369,0.59260284490571,0.535048361857266,0.174293730616474,-0.036580421974909,-1.46923047735124
56,1.31118131108343,0.910733056343503,0.0457105349530727,1.01675392594811,0.231058706310731,-0.00661996782095375,-2.54529203938151
57,1.52301399071682,0.429987767948616,0.213359130644637,0.759530950315033,0.136288605757008,-0.0773268184231134,-2.31186240216465
58,0.989413558169242,0.475919166567487,0.0978039974349665,0.409708747962127,0.614015348394663,-0.0324913059094104,-2.20292092502291
59,1.60231657775498,0.362452261247356,0.0457519844009436,0.5606293775013,0.787578448499483,-0.0367273021479393,-1.5124387534276
60,1.7663481883606,0.338055694990083,0.130980514439408,0.961508042756459,0.117982836917448,-0.141044907799865,-1.98506912303115
61,0.04411170413751,1.18205949247732,0.823328034263825,0.213837473111755,0.134782366526204,-0.0747874698155733,-2.0174945149623
62,0.730638234685302,1.32264482800378,-0.178378730707476,0.400996431245934,0.667688940539009,-0.0123375939623216,-1.51977522607937
63,-0.20083543956202,1.09392725045915,1.45201856768771,0.174385895554207,0.244153789848515,0.00225287005659802,-2.28192043056076
64,1.12547177960537,0.696505055807584,0.295939440831553,0.334824191649511,0.498365390568513,-0.245272777432938,-1.77227339660768
65,1.22392524103286,1.24416298152069,-0.418862477084262,0.17700828278121,0.938590172598605,-0.0192392027289295,-2.77184568050341
66,2.16585385463269,-0.139561856532519,-0.169348745375619,0.597986101564645,0.691792830923752,-0.0433177811426309,-1.41845317883769
67,1.88163971411444,0.900097928195795,-0.248543665235267,0.32140379468584,0.159214310788272,-0.0203752169339355,-1.84761755265128
68,0.373309604627175,1.29896368882687,0.30694996197783,-0.318290364204449,1.1871323974302,-0.00279745841935172,-2.34608580543902
69,0.631122786549619,0.391682626084014,0.644039481166944,0.183938729085618,0.869070104944544,-0.100617509314735,-1.89752409192151
70,2.09188661416524,0.464511043998403,0.333645497984444,0.431441885509354,0.527145051572582,-0.0149642349790206,-1.31748382153878
71,1.07365391632204,0.948507269525508,0.510859736477014,0.713071076980972,0.0769134705073026,-0.0520652523857294,-3.09890868224693
72,1.30014744857116,0.278862509367228,0.358399840095575,0.60127457374531,0.238379534054044,-0.0365586822788836,-1.29276086821756
73,0.903280142293671,0.555787324824576,0.340100933207287,0.0123443109202507,0.21810767403522,-0.0374951403723524,-2.46944761270905
74,1.71532072418843,0.462788680687257,0.642024367205485,0.251484568606062,0.244400911349317,-0.0684168666819285,-2.10751725550757
75,1.26638807801924,0.632237127123159,0.365717891410697,0.404398846167753,0.0830298483870322,-0.0646892059849944,-2.6362167305853
76,0.952079019305565,1.91988059099876,0.567633240966713,0.11981037731003,0.132038219512818,-0.0307799033360577,-3.53968082873628
77,1.94453554917102,0.365074433671981,0.798332846947519,0.476946123808055,0.659448583473839,-0.0456978944261185,-1.98507932856366
78,1.1775509229193,0.440519474263464,0.315782091661143,0.438257728973993,0.401673622060601,-0.193482962844206,-1.80045357654035
79,0.761101332638275,0.327123867605503,-0.108895780911069,0.867844369923156,0.180563715992398,-0.0377942974665642,-0.843050938696
80,1.91399491977,0.434137093121848,0.377091114043482,0.11621854049178,0.407583208596409,0.0153772983765194,-2.24073364838754
81,1.08014490720876,0.687487187737684,-0.111580962043187,0.393757961661313,0.567049068837224,-0.0870196632672027,-2.84188195462025
82,1.13313193147798,0.510491108391943,0.401898461645569,0.693594045163186,-0.115120083120093,-0.0147971276986087,-2.67257548731141
83,0.414600846442661,1.33513854356585,0.199816791431845,0.358964707885756,0.872019133219918,-0.105710963937456,-1.62448310071103
84,0.708928461766882,0.364653305327938,0.0808481530734615,0.0606256311661606,0.697702062084624,-0.0565266784456858,-1.01098627424831
85,0.0738054666256702,1.47456923500147,0.567496176870496,-0.160048405812965,0.490861123865172,-0.0551113731623796,-3.63908189788048
86,0.747523687517781,0.835907461777511,0.320353916105318,0.90324489704651,0.533002111639037,-0.0800567927734427,-1.72414177616573
87,2.67967069178775,-0.24383874410161,-0.0726465537571923,1.03991443686682,0.126411129373489,0.00561454608639863,-0.786427165047412
88,1.94481017123091,0.121587908747593,0.29349888015701,1.22988698384653,0.0623252044509086,-0.0445529758293131,-2.54969355054323
89,1.42289784434846,0.847506351375353,0.176222320384881,0.111825672763455,0.692319195085695,-0.0495754436281785,-2.31906688038302
90,1.75435127132997,0.957541704320157,0.00986866876687674,0.433006571967494,0.360393885356911,-0.0433408910689298,-3.33882287896568
91,1.26016677850845,0.0771056185905486,0.376554263782887,0.675606125325095,-0.144910967118446,-0.0601768521240034,-1.62246224495038
92,1.91472201507921,0.0680899686768319,0.55419293864821,0.823313530926754,0.201101404369857,-0.0246518711669523,-1.75657511842344
93,1.50924819115236,0.109073924501771,-0.248112655976975,1.09126572670697,0.00564963027781447,-0.0381014294804043,-1.11190596096596
94,0.31702009353931,0.735549425743018,0.582493011177103,-0.0381833525114289,0.0813328140239807,-0.0408039909820808,-2.49912897360106
95,0.626570742025685,1.30933305553053,0.247019804977232,1.06197145906707,0.749315536508061,0.0101080012634917,-2.0981940597156
96,0.112215264191872,0.973721217196743,0.464240486620905,-0.119752518229066,0.747393377791867,-0.0138564074465445,-0.927902487869763
97,1.4884045859638,0.173240862466038,0.391587894575,1.02933584781623,0.63963245437806,-0.069509066300249,-1.9421129423337
98,0.58913201228456,0.91037347074559,0.0111330715413041,0.102153962902441,0.761056999945078,-0.104752189432751,-1.36564661427166
99,0.478174775434897,1.495860620969,0.887915450815398,0.276720111969543,0.436439583814119,-0.0206209585703192,-2.97154663806864
100,1.63031254990789,0.775966576898638,0.397694869458461,0.415003953466685,0.466317163813929,-0.0739825381039414,-1.70153499574461
101,1.63282842386224,0.597679457208788,0.00911479547367369,0.295521527467192,0.577144935331205,-0.11283067689657,-2.20831384364804
102,0.809260353267547,1.5225917183868,0.548875424766359,0.100399946081565,0.655270569285211,-0.0706071487723082,-2.83886583849148
103,1.69753356492548,0.580029460492167,0.235567957964877,0.477212269217545,-0.00265795688262641,-0.0138829200472195,-1.57616271625017
104,0.791140236747962,1.07951153388938,0.195216007630532,0.484116434472873,0.682946225310856,-0.141140570321266,-2.06464448377842
105,0.908399292335188,0.656241752691403,0.076722185782754,0.286042327859486,0.626500616556107,0.00656734542327698,-1.02010219213755
106,0.439221536858261,1.33071689904349,-0.061398713209858,-0.00682083699947667,0.977315007405514,0.00272138735776776,-2.40922232765217
107,0.0865562768498722,1.13999409235502,0.640989923102739,-0.0761213099848213,0.281965032691683,-0.0064005521048613,-0.727124380123136
108,0.42810830843169,1.25299764345035,0.837056764689439,-0.27677500153852,0.848740791077473,0.0445948716177335,-2.18101599548141
109,0.606084913912774,0.392714900044649,0.755082966270556,0.169317356191531,-0.271378540813871,-0.0702992186677431,-1.57586194061518
110,2.30351542032383,0.304139476868172,0.190945605432598,0.940858987953869,0.315711557029327,-0.0183886150407885,-1.54041735295968
111,0.390631755930216,0.260196979840109,0.436288414088087,0.399667236550363,0.748399150089268,-0.0684793442266383,-1.19174421666076
112,1.17768840335198,1.65991131815162,0.741204830011375,0.27024572077073,0.300942407733293,0.00190431018641343,-2.58000575208067
113,1.24433339612343,0.708091632639555,0.372648502731904,0.586800577672104,0.31685624718994,-0.0529147388171518,-2.92494183822857
114,1.08416195163341,0.368096100563218,0.00227940244351835,0.345647657572172,0.426816243318148,-0.0475390242761856,0.0335821713149519
115,0.861726551567375,0.760476098006828,0.106075403988113,0.593356585213476,0.765720466513136,-0.094287565449848,-1.64513718185007
116,1.19490512769699,0.523236641418339,0.75825421530316,0.158973839463174,0.271746952227548,-0.0624569928266054,-1.42887792889038
117,1.880466356635,0.0202645329480307,-0.120074616325954,1.48353441212685,0.447018341181584,-0.0327956622059641,-1.47654542318412
118,0.438079073852866,0.293451597249659,0.333671368977984,0.949168767279373,0.274839309678105,-0.0416099720117149,-1.34914280017143
119,1.60742759206224,0.557275993232394,0.767407550305205,0.517451231425009,0.175194742422406,-0.128382449076269,-2.03452840745165
120,1.25093491852058,1.53562926472386,0.122786804286941,-0.279507937679751,1.06073239633407,0.00966585854809059,-2.13181130844803
121,1.41995048012285,0.766570816970554,0.209514353807772,0.886954756628957,0.420743733383251,-0.0779963330644219,-2.23343503350776
122,1.34953590890622,0.333492756586286,0.798923139155923,0.509660927400747,0.372743606396706,-0.104830585065604,-2.20289916350988
123,0.347751755276199,0.137667998304881,0.356126804374519,0.459083089398736,0.484012013223189,-0.0416507633340732,-1.06982695122351
124,1.66812141498067,0.339391080697394,0.482239806055842,0.390939008640736,0.0719568449193465,-0.0975327974817852,-1.74935139002115
125,0.827144249157938,0.679338275977023,0.413942935282424,0.0225385806736438,0.137144458519515,0.00861978827128753,-2.20476701925807
126,0.329794202100624,0.470331749576475,0.115504846088375,0.305713564810524,1.02106239536483,-0.045465624549062,-0.0790304347421963
127,0.120289557812889,1.22575561355124,0.322467773374032,-0.159194640361497,1.38001613593359,-0.00191585472019426,-2.10513159094783
128,0.167062743705771,0.769387856092893,0.696608875546233,0.522147640969841,0.860124373493429,-0.0101122067977673,-1.38216192202158
129,0.716432082489009,0.30357902177464,-0.0861085620740289,0.644499451077622,0.326101019770205,-0.0040294457904017,-0.515422909321745
130,0.114748714725868,1.10752562227473,0.630334098449815,0.333751226666834,0.669730568231806,-0.0262728895737823,-1.47647954942407
131,1.20454662394411,1.39413498350522,0.834130963929018,0.287341022342803,0.503576401724729,-0.0251065803172405,-2.75323669268767
132,0.845012299084314,0.886225449818681,0.190709548034732,0.488024807235207,0.660501286449289,-0.110618521999626,-1.18729484585952
133,0.502486071957584,1.63509972020372,0.490138165615574,0.292663202334322,0.542978585849349,-0.114228805903948,-2.57414743930521
134,1.24389450646712,1.11530097418311,1.05292060101207,0.230044423255219,0.35189910353014,-0.0357632542979815,-3.11198382177879
135,0.238743401344954,1.45485765196691,0.808449445220136,0.0848204857435696,1.01152188883221,0.0130503401851139,-2.09452835553275
136,0.711221791987852,0.408976070638644,-0.343080323022913,-0.0569997989731579,1.07676809567444,-0.0522069257870489,-1.38571598106618
137,0.951426706526761,0.464197709871634,-0.141252292778584,0.210308920841856,0.395501725086513,-0.0234132825371239,-1.50499664695283
138,1.59938062584411,1.01618644464626,0.815271523715945,0.0232036031911108,0.406226880726269,0.00416317502350643,-2.33227324685792
139,1.5544586935743,1.55211877928932,0.471026349624404,0.272634692877392,-0.167834913250181,0.0142683855750111,-2.6894094740454
140,0.672111548200392,0.230442001121508,1.14758418332352,0.164765960868315,0.490320934794129,-0.0747949935045059,-1.86717010124249
141,1.62781087233517,0.828403922386062,0.912171685306729,0.576764898177672,0.435867722034535,-0.0485186346756105,-2.93199314570174
142,1.4934885910735,-0.144953846201494,0.675922054626406,0.650784521613674,-0.0045135153349831,-0.0480839959223645,-1.74924188436749
143,1.17477906971433,0.569546312849163,0.334008883651735,0.434294013043704,0.557334535221301,-0.227504540319258,-1.73475919599166
144,1.62828581838816,0.668365336645278,0.772353670184481,1.01303577511189,-0.146179497647084,-0.00855601147720792,-2.46100164197318
145,-0.120584633789712,1.51063836056309,0.230186372604973,-0.14237624004073,0.71570991099808,-0.0162076886150067,-1.84369619423701
146,-0.0183585744019328,1.28460294723789,0.445587780954778,-0.300668686047752,0.779816657759412,0.0264615830774976,-2.1673081055739
147,0.939451013670535,0.961256112878148,0.889594940062259,0.529540233840769,0.309123230936548,0.0347880826342902,-2.07356180677951
148,1.03355817693877,1.52389215371746,0.122992608913322,0.297726509360311,0.618027693516538,-0.0412995092603112,-2.6680536119008
149,1.87076661019945,0.108102489784763,0.510229354636901,1.18418495955957,-0.0716081092649103,-0.00590213100453131,-1.14243400330678
150,1.17524319604974,0.424171568572732,0.78705422845724,0.696705298246587,0.47624023858886,-0.03433671405242,-2.32926512323458
151,0.854151194364497,0.826675866949158,0.0964023240580087,0.657020831567817,0.808530703339602,0.0082676270505759,-2.08344497603198
152,2.2746521470765,0.540062004646658,0.0754479964472278,0.577836956323387,-0.0192649679104152,-0.00628608456203364,-2.45130257694468
153,0.226598031727075,1.75546881077874,0.73289642720856,-0.722411031395714,0.782920814832199,0.0119351306519136,-2.50764418132895
154,0.780965824064251,0.739141708547775,0.559466995813836,0.280264321465298,0.421949631907139,-0.0524414750823717,-0.511967321743973
155,0.775469234432783,0.311656848497322,0.33343612744256,-0.0701785367975623,0.602785001785386,-0.0403155576033389,-1.08396011635481
156,1.64317932223825,0.541681413472149,0.102749370021029,0.590157962709388,0.698437854957168,0.021419198955309,-2.04384263344022
157,1.25988405936471,0.955412404536335,-0.284877994099145,0.672481657975409,0.28481999135555,-0.0090379808364539,-2.71951829757997
158,2.33354729268646,-0.463239884917291,0.289235754135671,0.863366420423387,0.137599022755936,-0.0167081615227286,-1.3626568642283
159,0.903527433789671,0.873452668650584,1.03655675874062,0.115460499078818,0.723683648448053,-0.0546610416833722,-1.48950328586636
160,0.65462061132794,1.10319249241377,0.759405016859611,0.119117720383996,0.608385573546651,-0.101555670141601,-1.75308895236501
161,0.479526948181379,1.01769660761643,0.728095921501856,0.083187544325027,0.587123836321143,-0.0128997090606583,-1.55625025186895
162,1.68787748340755,-0.2495045819861,0.102832630090407,0.850970056926655,0.482198509165192,-0.0721868050570135,-1.26808734887135
163,1.04807535851436,0.710908234847539,0.384574683291034,-0.112336474214003,0.626883378864479,-0.0703135616320849,-1.10682671388217
164,1.24521776839964,0.153242632531576,0.0643669846429432,0.67625652155889,0.412316227949235,-0.00920016376461997,-1.3670650109531
165,1.17686196421497,0.517729982501747,0.442464460906789,0.733227884798433,0.103956873541044,-0.108562914960703,-2.57918397504362
166,1.32275352210408,0.883954057720418,0.620154177196811,-0.16830177202677,0.524966383157602,0.0291893550081804,-2.05214253418394
167,0.631934515314162,0.682642256407016,0.445281891210865,0.414268298085828,0.441370759793774,-0.07931082978239,-1.93192266094591
168,0.955039781369494,0.407787559832794,0.284989219329037,0.395760453916899,0.728648487180057,0.0120449796255505,-0.463684118701089
169,1.97902743160889,0.946551198898504,-0.232828893047128,0.63958531500506,0.361350891262995,-0.0404676434560099,-2.09778973189758
170,1.38467598410722,0.62960848786544,0.681853419424835,0.801388741440429,0.255551083512826,-0.0539818380132091,-2.80059868754482
171,0.920655047403252,1.08108387655247,0.547646077256568,0.807467545652504,0.165368476768933,-0.04148959621265,-3.42514321870638
172,1.36433719532043,1.27060920324617,0.123849865002143,0.726004398525648,0.349552807799119,-0.0492373635851725,-1.30301157769266
173,0.0915047675717624,0.520150377739693,-0.0819054609544468,0.541901724887258,0.571705576338214,-0.0496293081657369,-1.10224085568995
174,0.778140191638065,0.46293925482524,0.311810976233225,0.487742377731246,0.132697363644594,-0.0756507235951845,-2.18015424055936
175,2.1989580118025,0.367250212832346,0.163179382464829,0.90371726674512,-0.34743256438166,-0.0722549824075124,-2.47523001856308
176,1.90859399898334,0.959712826730171,-0.312837627004635,0.569844141206392,0.358487282169929,-0.01496115521001,-1.57153228549592
177,-0.341910280352824,0.89856184447617,1.08591742924805,-0.134726759252403,0.984529556676766,-0.0196091624832325,-1.84586975252457
178,0.717479415334922,0.68455219146424,0.591097923201908,0.430645815548591,1.47267639997802,-0.0485297104808814,-1.28719548642595
179,-0.551206671746937,1.64375509319867,0.247238785754714,-0.854253803834458,1.12573470255984,-0.0204323438312533,-1.56585693676146
180,0.140864861673455,2.12600026013489,0.644857859953461,-0.23921448958022,0.895029264307944,0.0207957353603817,-2.27754287134049
181,-0.105622317855392,0.428723287449945,0.146273445890079,0.144350509608444,0.479950446766763,0.0125361766659394,-0.0027482931174867
182,0.595119391373147,1.14832854345157,0.368170989463053,0.532480224135253,-0.243874055877512,-0.0149414970583967,-2.01902996260982
183,1.58309305872723,0.861891867985098,-0.380715476227872,0.561783777486298,0.100364275005905,0.00298529638541912,-2.4340102056125
184,2.08177720578604,-0.211041607778661,0.804831393564809,1.03567805640247,0.0216980784165099,-0.0407888708038593,-1.3386972562621
185,0.115646788759641,0.663270404425938,-0.0955602059165153,0.512824956775306,1.07247229136685,-0.0161428380841082,-0.800449898906791
186,0.106217467263643,0.546855826855931,0.586524752259476,-0.187450987962045,0.936783506329818,0.0262023598946412,-1.92597611600245
187,0.914458301076556,1.07228049361545,0.670075453432032,-0.153903641366176,0.477237994976634,-0.00373056521232657,-1.5037387157432
188,1.044722316802,1.88941935926264,0.177909749008233,-0.0130144857862429,0.463692769287765,-0.0229633038868852,-2.16178611828722
189,2.67522807457205,0.514717640168704,-0.246403917922209,0.636763760335639,0.591293446536985,-0.01028964420264,-2.26493451534751
190,2.00417635301713,0.156803561308402,0.341030011213872,0.720528268225315,0.758871952234274,-0.0383713547007909,-2.35500848822244
191,1.62790224631785,0.145977012490584,-0.589949363543878,0.737113536846604,0.555098826185589,-0.00326506748909666,-1.16054752162957
192,0.508191375847438,1.60306249504259,0.977586749523161,0.239096351869311,0.510223605196787,-0.0195003702965365,-2.8149750293701
193,1.57500622495743,1.06062693528961,0.0914906664356024,0.909668073653793,-0.25313432581974,-0.0464169600618037,-2.86154162102928
194,1.74242207576822,-0.123351330245562,0.44712017039326,0.956486084939474,0.321596460664503,-0.0249033872094669,-1.19719628487956
195,1.92453155625073,0.0556985243190548,0.144897608893022,1.27169358784392,0.42185809254337,-0.0223841369585816,-2.23884364958055
196,2.41474925605459,-0.390414868574802,0.405659313349875,0.811819748793616,0.326924905062532,-0.0474871037890986,-0.665325011541934
197,0.835859956915414,0.434643287296825,0.51125137275807,0.62558734069775,0.272805681620567,-0.0573457248094414,-1.30897245063217
198,1.63002092598496,1.16628733589414,-0.282310481724613,0.442867572432018,0.271257408798219,-0.0247422649592384,-0.909326847834118
199,0.34645206131839,1.70292680001175,0.507452345677966,-0.0851002293775285,0.468411465684558,-0.00243881030953941,-1.51673510948658
200,0.171548634489458,1.50593547679136,-0.39301445496208,-0.305140572350543,1.01136463962357,-0.0272372787653051,-2.20923851220057
201,1.88470005883528,1.30107694023309,0.162076431389553,0.306233211187587,0.555742074501626,-0.0398220929597924,-3.26621390421463
202,1.18713953675253,0.131211019136947,0.234375826599221,0.28499675227627,0.389150933480205,-0.0653922365994631,-1.28249016578829
203,0.180574649438955,1.14216018226089,0.317071908912861,0.0230938283413493,0.549862708301446,0.0122904717757753,-2.23280436113916
204,0.299671283108822,1.38517460131022,0.495062782736962,0.110431654157757,0.638971088010873,-0.100306718517094,-2.42376628065854
205,1.89057119388707,0.80755019276898,-0.33835471534999,0.201003751271297,0.614278778206005,-0.0120997791481728,-2.60408353103086
206,0.766711126886098,1.32634393893666,0.259774040061023,0.0211459325687004,0.941770468283186,-0.124156352193002,-2.37086534799643
207,0.803942929538095,1.29535935958761,0.721694479791162,-0.0530232760901353,0.78477375610385,-0.0467495299002262,-1.70333064384477
208,1.89711555136387,0.113291591582533,0.171891963508918,1.00536197360625,0.222808506377659,-0.124422550036284,-2.02778349242576
209,1.0199789007463,0.166802804291199,0.731240220918735,0.628443251241667,0.440075097838274,0.000436131992261595,-2.30894425332705
210,2.03527308061289,-0.335590328368423,0.29858578225738,0.786715054098236,0.0577170249445603,-0.034628582750259,-0.739412068190199
211,1.34999747435035,0.191372398488597,-0.231083408270766,-0.0442622196591876,0.959857697537161,-0.0689747437445642,-0.610379579249542
212,0.934391969691989,0.918967395693137,0.246604601273116,0.586465629802719,0.19572291289054,-0.133729521726186,-2.18491336858644
213,0.55909297019291,0.429183862130161,0.697128545701745,0.0110393911275882,0.411260975207858,0.001177612609581,-0.338029028088194
214,1.32089113386375,0.187709595928647,0.658269974081904,0.578131863996161,0.72972086416691,-0.00740329078197196,-2.45853972261289
215,1.1303560491046,1.31423932424691,0.624021620562548,0.2709148513351,0.444899820831618,-0.0853016424694528,-2.086593824637
216,1.07989865395077,1.36535005028814,0.433810355774402,-0.00593765554022411,0.6785511352292,-0.0229288447769968,-2.70325683470652
217,1.88045114047495,0.988335549518611,0.486971140456608,0.111124654001506,0.0830097918055971,-0.0290458947235043,-2.29891212368364
218,1.60430204344976,0.59310314224325,0.199332635957141,0.690811893523049,0.598270386184391,-0.095569271087291,-2.56033971171261
219,0.763549708514514,0.889572351332939,0.583945369754206,0.36717772888845,0.610192369054388,-0.106432324428451,-2.55559845350378
220,0.201452348864829,1.60032348833461,0.694465552481027,0.078171974704364,1.0924545447747,0.0284314640282518,-2.03852128511974
221,1.41923478442377,0.0810290901397479,0.349864697280418,0.891543565010554,0.306833599948475,-0.0797131943658974,-1.30740515616638
222,1.70112447231966,0.168866456627514,0.590626919097306,0.739109835974393,0.0696715812809749,-0.0589164097441609,-2.70339313195949
223,0.739050776710816,0.662394755631062,0.62097413427314,0.30050474317976,0.407801504602198,-0.0728999497060157,-2.06230322863266
224,1.38645972321124,1.56611726478393,0.637463147140727,0.292350849362896,0.108767867173077,0.00163725210848977,-2.66147830863455
225,1.10504135719179,0.357039458412651,0.78210801369229,1.0204648868904,-0.00876071158632218,-0.040402707970046,-2.55929682582474
226,0.838496547864559,1.14858483791469,0.550081784671958,0.0911568732792771,0.523299569125866,-0.0623361465067712,-2.94999580209628
227,1.78207855412597,0.466854528515582,-0.171049197948561,0.35665871205533,-0.215874907172989,-0.0380940111154402,-2.49424050862787
228,1.12903804818928,0.0446629097195742,-0.180887339218037,0.72026119590563,0.619072123503805,-0.00326821425022698,-1.11826878764799
229,1.57342542495108,0.794529942269111,-0.146027585287784,-0.00641061794179629,0.8689684406874,-0.0357240080271733,-1.15130852245298
230,1.68865792557553,0.525894340204462,0.763008809163074,0.770988815334284,0.00448246525340183,-0.0290002332158692,-1.91730244353968
231,0.616570806443499,1.52118595818225,0.367867961218578,-0.09709870469581,0.890176385771669,-0.0998883660472348,-1.95811095702362
232,1.02325453416485,0.235072243295532,0.81102487304929,0.850777797242977,-0.0130394650566324,-0.0700101190797591,-2.12490696138942
233,2.11693054997926,0.267226218905482,-0.35171937357921,0.75001588772396,0.82523462755024,-0.0465944946660452,-2.38676827205429
234,0.702849821178297,0.451884581413705,1.13398735536731,0.363842926500802,-0.0562401971705169,-0.0402172017841459,-1.84692111629312
235,-0.0822720269199909,0.320853512952423,0.565180455521618,-0.154510432875195,0.799623025320158,-0.0204611718355249,-2.05249577044564
236,1.16410074701548,0.447237950806264,0.613969734549636,0.574400527940014,0.499910064473091,-0.00398319649458758,-2.1460670189421
237,0.617411218065285,0.852433444093413,0.715824548763521,0.571049912448267,0.026704549927089,-0.0485430060079587,-1.42404904780908
238,0.619026622359581,0.814197426261793,0.249578806406704,0.0277832863959205,0.032562720628037,0.0231385230927562,-0.909521080121098
239,0.650743947847906,0.542783735697717,0.292015590260727,0.221110613591299,0.738182580622896,-0.140553700596855,-1.89791373603113
240,1.64441082825398,-0.38711866459834,0.169582491952732,0.991110406571452,-0.0622909088113193,-0.0540749667149594,-0.742656716467575
241,1.44036928114809,0.457584660260969,0.702760397303356,0.58612436248963,0.911874607114914,-0.0649468682854512,-1.67375408284993
242,0.746002305424229,0.169316982991403,0.474029903638872,0.657598616571429,0.37842652352001,-0.0716812988208431,-1.11471211514348
243,1.58479291063512,0.120565736892204,0.00128738551357702,0.921093611269421,0.43197072357642,-0.0264389529350111,-0.0374180747880188
244,1.15958231240416,0.574343009287972,0.909033489378078,0.557041567057813,0.146868483738873,-0.0541029791082781,-1.84833504638103
245,0.539728205066442,1.13916240860515,0.41192368041783,-0.00762204079658761,0.725420865504245,-0.0992996691150833,-2.66033528797417
246,1.08598601607563,0.764126275783767,0.306830878218937,0.415809024865364,0.397009216609236,-0.177738685019366,-1.92846578342112
247,0.899615462198966,0.00998663236569797,-0.313508210245555,0.582765783792246,0.213286100460097,-0.0124185829024257,-0.565350818825286
248,1.96751455733664,0.493536576487912,-0.286905479358079,1.08706418233129,0.573478911207296,-0.0195321272077695,-2.32922709578022
249,1.00160954214415,0.202708029384319,0.41342570464271,0.625001677755691,0.1913483485461,-0.121669791372574,-2.02750597527377
250,0.368728023356075,1.04631683886819,0.494460098077193,-0.125929273360479,0.94932048914315,-0.0195444887010614,-0.517505321742632
251,1.51661442765392,0.149826823654068,0.48030951715685,1.06998993509524,-0.262399626813738,-0.0060494507691213,-1.39679034083456
252,1.53067217105424,0.3240775558714,0.550049198446933,0.125336492813434,0.83865735822072,-0.0095871465594014,-0.390587799400846
253,1.75525109569365,-0.152123306368289,0.532916261072219,1.10093027898005,0.136420251209639,-0.00652448597732911,-1.1322425489907
254,0.95158192708919,0.499748874805854,0.253820911527204,0.29323078135501,0.642324978273523,-0.121372143053384,-2.03069319279384
255,1.18859930385384,1.33013965424029,0.098730983093471,0.467577354186564,0.439651727503151,-0.00444089464255106,-2.73432826649649
256,0.835528411568857,0.0780024361566371,0.208189511011898,0.207564525972621,0.547099046181825,-0.0427458555610646,-1.27130469626525
257,2.2439009180688,-0.0797741639041199,0.542786771626765,0.566093661240299,-0.0792168684575061,-0.0504614812989046,-2.15698374323315
258,0.729538645171962,0.744623467979115,0.438931192110665,0.599667584531954,0.646675077421637,-0.0637236839659942,-1.68489293516497
259,1.2529717854761,0.197640855996858,0.743133000946846,0.605660354685606,-0.0271665498667081,-0.0817638298219642,-1.4206675392339
260,1.09221917847773,0.394139683670248,-0.381200681631605,-0.0450159448152243,0.656963041702644,-0.0422711964991857,-1.23323747731776
261,1.81021904010637,0.691019298876593,0.713907023146999,0.938283578769812,0.197841657975723,-0.0376797359929818,-2.39192939295483
262,2.1494722977113,-0.302381683147869,0.163906975397389,0.580890537180076,0.0208720929669439,-0.00597930166620398,-2.52571360013363
263,2.28789427440506,0.18318444029014,0.473631335404846,0.811458671550329,0.0880129318150833,-0.0589088491361876,-2.75857253553157
264,1.24271858354273,1.1224939872802,0.465227455257233,0.386490241583011,0.471352945308315,-0.029988704831043,-1.32085920580578
265,1.29411418305733,0.862795278738168,0.146740891591076,0.474553501187002,0.617972993568077,-0.117683187774641,-2.44481877550485
266,0.96626604236417,0.536174129395567,0.329370875435503,0.411682564086856,0.501773105149533,-0.0385984210536393,-2.70404100321941
267,0.502789470199394,1.17619239481038,0.802081289400317,-0.102497540953685,0.715027158459728,0.00729591030209227,-0.949442305545765
268,1.78737220151632,-0.00386743619571723,0.757867452411138,0.701472524830733,-0.133846911452667,-0.00371620555128152,-2.41997531617727
269,0.177298155526188,2.02922520269449,0.34167640313644,-0.228641809456607,0.699333709128946,-0.00979651835822671,-2.79354890702817
270,0.464941681602688,1.65469501282756,0.547424696312154,-0.0794645934818033,0.928257684766656,0.0140684689705865,-2.31849428497168
271,1.76898628587215,0.141574580192545,0.538369583697943,1.22019105636993,0.125745412068443,-0.030106534952447,-1.64488946948003
272,0.287777461063577,1.56698790188914,0.623835293358963,0.0276274987037089,0.709982246572666,-0.0374442817957673,-2.68191165363197
273,0.563848507518578,1.13507470232705,0.43795298736451,0.562375635037794,0.167175959086641,-0.0769386619753778,-1.34960962273496
274,2.36996002721245,0.207127950791639,0.529873217145674,0.832089341901045,-0.177943816395723,-0.0111518820076916,-2.71784942108333
275,0.339211852462901,1.52964717546358,0.125308706969443,0.226331567656923,0.409540196754394,0.0233051532373015,-2.27976836589243
276,2.14836016581199,-0.137897103400383,0.480720250203627,0.597304696808329,0.300473373330726,-0.0286790372566397,-1.91296438138173
277,1.90626564166124,-0.06163235263805,-0.231278084864068,0.639681303720272,0.73761795699609,-0.0221911594710979,-0.298517230670961
278,0.423472788321371,-0.00503859929062704,0.706800808504843,0.435521184294623,-0.0452655447049565,-0.0487319567516496,-1.07290908481401
279,0.580424905545883,-0.0150109681064302,0.273151189481176,0.566586120363473,0.549938404104104,-0.0516445968143186,-0.70081689207893
280,0.566688015749,0.718408428341564,0.0403755835742825,0.504534310751655,0.426653424325878,-0.0983323355823078,-2.29650157896609
281,1.08461738745471,0.53631887794604,0.347861797088591,0.444091152578609,0.360449983497398,-0.245108280420365,-1.80846722999052
282,1.62473313369017,0.409363988282563,0.0468724575899519,0.845659477153709,0.495146481642869,-0.0334905550260128,-2.08368647739207
283,2.14716122943384,-0.41549934488185,0.0862342747658814,0.555703513137207,0.336301370656736,-0.0165784067632658,-1.41599282604739
284,0.47912456544554,1.69719658626302,0.22720059151085,0.00979202852425981,0.67498415939405,-0.0400167686820965,-2.03112443529123
285,2.75531622145065,0.462911133296284,0.255300437324045,0.806550374844608,0.0520886806536856,-0.0797945774518267,-2.5570229851003
286,1.33244229572673,0.932143906434386,0.44585715426818,0.821691627370444,0.473226872515267,0.0170289788997962,-2.13363204378089
287,1.41512833467772,0.834124794413823,0.00553144663276374,0.333631686144449,0.220381729680889,-0.0929390759759066,-2.03765361756658
288,1.93836855135647,0.322202701785323,0.0309951435877534,1.23294618197296,-0.166323367663202,-0.0134843098058155,-1.62568064774758
289,1.64923792615627,-0.0103996364520304,0.635740082232616,0.880485076249298,0.16245300838594,-0.0504978227017746,-2.20049555073835
290,1.45938925947083,0.338062418098882,0.522693240090165,0.96536923026786,0.255349617446038,-0.0605010697423137,-2.58815801385527
291,0.758383949733848,1.189568253355,0.84042379403894,0.300762253589743,0.736466460226278,-0.0486284623886466,-2.67551935226144
292,0.785385415290879,1.18046835480642,0.54041754949456,-0.376976750416178,0.852768328192146,-0.023682601582827,-2.73704594228515
293,1.66532074743242,-0.284053350032784,0.730470046865944,1.47312066357232,0.0558990274229965,-0.024392834810645,-1.92994436204114
294,0.786695293357932,0.376619261027427,-0.251372027339513,0.183779184588052,0.831237032478906,-0.0400332878334331,-0.365204173740681
295,2.12166320789101,0.49445466619822,-0.0820241157589551,0.36312534861249,0.349753703720064,-0.041699784954735,-1.83361042516745
296,1.4307905049774,0.218807051399017,0.185636507186883,0.509781462780488,0.609172751146507,-0.00254205100273087,-1.25295876504508
297,0.640554809793002,1.27462282908685,0.775181814870815,-0.0134481342921449,1.02014980079089,0.0441172902169424,-2.0784880825535
298,0.829969336887079,0.00137518801447453,0.204466140983983,0.243108448239898,0.82506976199402,-0.0491650525309475,-1.5869179255042
299,2.19849409475466,0.0256983078581794,0.400926678784649,0.696290528460588,0.472382997668585,-0.0403175799218038,-1.75336707937511
300,1.4011729602763,0.499835244486275,0.45311520451619,0.278029374517436,1.00728580665667,-0.0477702624246282,-2.17874804755376
