"recovered_segment","n","attribute","utility"
"Clinical/Dermatologist-Focused",115,"Derm-Recommended",1.68213084999192
"Clinical/Dermatologist-Focused",115,"Luxury Heritage",0.349294207986582
"Clinical/Dermatologist-Focused",115,"Vitamin C",0.30773476453011
"Clinical/Dermatologist-Focused",115,"Peptide Complex",0.72495019738161
"Clinical/Dermatologist-Focused",115,"Airless Pump",0.236187315402192
"Luxury Heritage Seekers",87,"Derm-Recommended",0.596050367107018
"Luxury Heritage Seekers",87,"Luxury Heritage",1.31072293176488
"Luxury Heritage Seekers",87,"Vitamin C",0.521204193238697
"Luxury Heritage Seekers",87,"Peptide Complex",0.0468359132049712
"Luxury Heritage Seekers",87,"Airless Pump",0.627161051590396
"Price-Sensitive Pragmatists",98,"Derm-Recommended",0.903149356576854
"Price-Sensitive Pragmatists",98,"Luxury Heritage",0.564960218680359
"Price-Sensitive Pragmatists",98,"Vitamin C",0.267669095332972
"Price-Sensitive Pragmatists",98,"Peptide Complex",0.367581059806279
"Price-Sensitive Pragmatists",98,"Airless Pump",0.572414536874104
