"model","price_A","share_A","share_None","revenue_index"
"HB (individual-level)",45,54.1,19.4,24.345
"HB (individual-level)",50,50.6,21.6,25.3
"HB (individual-level)",55,47.4,23.6,26.07
"HB (individual-level)",60,44.4,25.2,26.64
"HB (individual-level)",65,41.7,26.7,27.105
"HB (individual-level)",70,39.3,27.9,27.51
"HB (individual-level)",75,37.2,29,27.9
"HB (individual-level)",80,35.2,29.9,28.16
"HB (individual-level)",85,33.4,30.6,28.39
"HB (individual-level)",90,31.8,31.3,28.62
"HB (individual-level)",95,30.4,31.9,28.88
"HB (individual-level)",100,29.1,32.4,29.1
"HB (individual-level)",105,27.9,32.8,29.295
"HB (individual-level)",110,26.9,33.2,29.59
"Pooled clogit",45,49.9,21.7,22.455
"Pooled clogit",50,47.7,22.6,23.85
"Pooled clogit",55,45.6,23.5,25.08
"Pooled clogit",60,43.4,24.5,26.04
"Pooled clogit",65,41.3,25.4,26.845
"Pooled clogit",70,39.3,26.3,27.51
"Pooled clogit",75,37.2,27.1,27.9
"Pooled clogit",80,35.2,28,28.16
"Pooled clogit",85,33.3,28.8,28.305
"Pooled clogit",90,31.4,29.6,28.26
"Pooled clogit",95,29.6,30.4,28.12
"Pooled clogit",100,27.8,31.2,27.8
"Pooled clogit",105,26.1,31.9,27.405
"Pooled clogit",110,24.5,32.6,26.95
"Truth (simulated)",45,50.3,20.9,22.635
"Truth (simulated)",50,48.2,22,24.1
"Truth (simulated)",55,46.1,23.1,25.355
"Truth (simulated)",60,44.2,24.1,26.52
"Truth (simulated)",65,42.4,25,27.56
"Truth (simulated)",70,40.7,25.8,28.49
"Truth (simulated)",75,39.1,26.5,29.325
"Truth (simulated)",80,37.6,27.2,30.08
"Truth (simulated)",85,36.2,27.8,30.77
"Truth (simulated)",90,34.8,28.3,31.32
"Truth (simulated)",95,33.4,28.9,31.73
"Truth (simulated)",100,32.1,29.4,32.1
"Truth (simulated)",105,30.9,29.8,32.445
"Truth (simulated)",110,29.7,30.3,32.67
