"group","option","share_pct"
"Clinical/Dermatologist-Focused (n=115)","A: Derm-Recommended Peptide, Pump, EUR 85",48.7
"Clinical/Dermatologist-Focused (n=115)","B: Luxury Heritage Vitamin C, Bottle, EUR 65",13.4
"Clinical/Dermatologist-Focused (n=115)","C: Mass-Prestige Retinol, Bottle, EUR 45",12.7
"Clinical/Dermatologist-Focused (n=115)","None of these",25.2
"Luxury Heritage Seekers (n=87)","A: Derm-Recommended Peptide, Pump, EUR 85",27.6
"Luxury Heritage Seekers (n=87)","B: Luxury Heritage Vitamin C, Bottle, EUR 65",50
"Luxury Heritage Seekers (n=87)","C: Mass-Prestige Retinol, Bottle, EUR 45",11.5
"Luxury Heritage Seekers (n=87)","None of these",10.8
"Price-Sensitive Pragmatists (n=98)","A: Derm-Recommended Peptide, Pump, EUR 85",20.6
"Price-Sensitive Pragmatists (n=98)","B: Luxury Heritage Vitamin C, Bottle, EUR 65",12.6
"Price-Sensitive Pragmatists (n=98)","C: Mass-Prestige Retinol, Bottle, EUR 45",12.1
"Price-Sensitive Pragmatists (n=98)","None of these",54.7
